ISO3,1980,1981,1982,1983,1984,1985,1986,1987,1988,1989,1990,1991,1992,1993,1994,1995,1996,1997,1998,1999,2000,2001,2002,2003,2004,2005,2006,2007,2008,2009,2010,2011,2012,2013,2014,2015,2016,2017,2018,2019,2020,2021,2022,1960,1961,1962,1963,1964,1965,1966,1967,1968,1969,1970,1971,1972,1973,1974,1975,1976,1977,1978,1979
AFG,1.0,1.0,1.0,1.0,1.0,1.0,1.0,2.0,3.0,3.0,4.0,8.0,10.0,13.0,13.0,16.0,17.0,20.0,22.0,24.0,25.0,27.0,32.0,40.0,42.0,52.0,64.0,71.0,74.0,78.0,82.0,86.0,96.0,101.0,104.0,109.0,113.0,118.0,123.0,130.0,137.0,141.0,147.0,0,0,0,0,0,0,0,0,0,0,0,0,0,0,0,0,0,0,0,0
AGO,0.0,1.0,1.0,1.0,1.0,2.0,2.0,2.0,2.0,4.0,4.0,4.0,4.0,4.0,4.0,4.0,4.0,5.0,5.0,5.0,10.0,13.0,14.0,16.0,20.0,21.0,22.0,24.0,25.0,28.0,31.0,35.0,36.0,37.0,37.0,40.0,44.0,46.0,47.0,50.0,53.0,55.0,55.0,0,0,0,0,0,0,0,0,0,0,0,0,0,0,0,0,0,0,0,0
AIA,0.0,0.0,0.0,0.0,0.0,0.0,0.0,0.0,0.0,0.0,0.0,0.0,0.0,0.0,0.0,0.0,0.0,0.0,0.0,1.0,1.0,1.0,1.0,1.0,1.0,1.0,1.0,1.0,1.0,1.0,1.0,1.0,1.0,1.0,1.0,1.0,1.0,2.0,2.0,2.0,2.0,2.0,2.0,0,0,0,0,0,0,0,0,0,0,0,0,0,0,0,0,0,0,0,0
ALB,0.0,0.0,0.0,0.0,0.0,2.0,2.0,2.0,2.0,3.0,3.0,3.0,4.0,4.0,4.0,6.0,6.0,7.0,7.0,7.0,7.0,7.0,9.0,9.0,11.0,13.0,13.0,15.0,15.0,16.0,17.0,17.0,18.0,18.0,18.0,21.0,22.0,24.0,25.0,25.0,25.0,26.0,26.0,0,0,0,0,0,0,0,0,0,0,0,0,0,0,0,0,0,0,0,0
ANT,0.0,0.0,0.0,0.0,0.0,0.0,0.0,0.0,0.0,1.0,1.0,1.0,1.0,1.0,1.0,2.0,2.0,2.0,2.0,2.0,2.0,2.0,2.0,2.0,2.0,2.0,2.0,2.0,2.0,2.0,2.0,2.0,2.0,2.0,2.0,2.0,2.0,2.0,2.0,2.0,2.0,2.0,2.0,0,0,0,0,0,0,0,0,0,0,0,0,0,0,0,0,0,0,0,0
ARE,0.0,0.0,0.0,0.0,0.0,0.0,0.0,0.0,0.0,0.0,0.0,0.0,0.0,0.0,0.0,0.0,0.0,0.0,0.0,0.0,0.0,0.0,0.0,0.0,0.0,0.0,0.0,0.0,0.0,0.0,0.0,0.0,0.0,0.0,0.0,0.0,0.0,1.0,1.0,1.0,1.0,1.0,1.0,0,0,0,0,0,0,0,0,0,0,0,0,0,0,0,0,0,0,0,0
ARG,2.0,2.0,3.0,5.0,6.0,8.0,10.0,13.0,14.0,14.0,15.0,15.0,17.0,21.0,22.0,26.0,26.0,27.0,29.0,30.0,38.0,45.0,48.0,52.0,55.0,56.0,57.0,60.0,61.0,66.0,67.0,67.0,70.0,72.0,76.0,80.0,82.0,86.0,91.0,95.0,97.0,99.0,100.0,0,0,0,0,0,0,0,0,0,0,0,0,0,0,0,0,0,0,0,0
ARM,0.0,0.0,0.0,0.0,0.0,0.0,0.0,0.0,0.0,0.0,0.0,0.0,0.0,0.0,0.0,0.0,0.0,1.0,2.0,2.0,3.0,3.0,3.0,3.0,4.0,4.0,4.0,4.0,4.0,4.0,4.0,4.0,4.0,6.0,6.0,6.0,7.0,7.0,8.0,9.0,10.0,10.0,10.0,0,0,0,0,0,0,0,0,0,0,0,0,0,0,0,0,0,0,0,0
ASM,0.0,0.0,0.0,0.0,0.0,0.0,0.0,0.0,0.0,1.0,1.0,1.0,1.0,1.0,1.0,1.0,1.0,1.0,1.0,1.0,1.0,1.0,1.0,2.0,3.0,4.0,4.0,4.0,4.0,4.0,4.0,4.0,4.0,4.0,4.0,4.0,4.0,4.0,4.0,4.0,4.0,4.0,4.0,0,0,0,0,0,0,0,0,0,0,0,0,0,0,0,0,0,0,0,0
ATG,0.0,0.0,0.0,1.0,1.0,1.0,1.0,1.0,1.0,2.0,3.0,3.0,3.0,3.0,3.0,4.0,4.0,4.0,5.0,7.0,7.0,7.0,7.0,7.0,7.0,7.0,7.0,7.0,8.0,8.0,9.0,9.0,9.0,9.0,9.0,9.0,9.0,10.0,10.0,10.0,10.0,10.0,10.0,0,0,0,0,0,0,0,0,0,0,0,0,0,0,0,0,0,0,0,0
AUS,0.0,2.0,5.0,6.0,7.0,10.0,14.0,14.0,17.0,20.0,24.0,27.0,30.0,34.0,42.0,47.0,56.0,60.0,66.0,71.0,76.0,85.0,90.0,100.0,106.0,110.0,118.0,120.0,125.0,131.0,139.0,142.0,144.0,147.0,151.0,159.0,162.0,165.0,168.0,171.0,174.0,181.0,186.0,0,0,0,0,0,0,0,0,0,0,0,0,0,0,0,0,0,0,0,0
AUT,1.0,2.0,4.0,5.0,7.0,8.0,8.0,8.0,8.0,8.0,13.0,15.0,15.0,16.0,17.0,18.0,19.0,20.0,20.0,22.0,24.0,24.0,27.0,28.0,28.0,31.0,32.0,34.0,35.0,39.0,39.0,39.0,40.0,41.0,41.0,41.0,42.0,44.0,44.0,46.0,46.0,47.0,48.0,0,0,0,0,0,0,0,0,0,0,0,0,0,0,0,0,0,0,0,0
AZE,0.0,0.0,0.0,0.0,0.0,0.0,0.0,0.0,0.0,0.0,0.0,0.0,0.0,0.0,0.0,3.0,3.0,4.0,4.0,4.0,6.0,6.0,6.0,7.0,7.0,7.0,7.0,7.0,7.0,8.0,9.0,9.0,10.0,10.0,10.0,10.0,10.0,10.0,10.0,10.0,10.0,10.0,10.0,0,0,0,0,0,0,0,0,0,0,0,0,0,0,0,0,0,0,0,0
AZO,0.0,0.0,0.0,0.0,0.0,0.0,0.0,0.0,0.0,0.0,0.0,0.0,0.0,0.0,0.0,0.0,1.0,2.0,2.0,2.0,2.0,2.0,2.0,2.0,2.0,2.0,2.0,2.0,2.0,2.0,2.0,2.0,2.0,2.0,2.0,2.0,2.0,2.0,2.0,2.0,2.0,2.0,2.0,0,0,0,0,0,0,0,0,0,0,0,0,0,0,0,0,0,0,0,0
BDI,0.0,0.0,0.0,0.0,0.0,0.0,0.0,0.0,0.0,1.0,1.0,1.0,1.0,1.0,1.0,1.0,1.0,1.0,1.0,3.0,4.0,4.0,6.0,7.0,10.0,12.0,19.0,21.0,24.0,26.0,30.0,32.0,32.0,32.0,33.0,35.0,35.0,36.0,39.0,42.0,45.0,46.0,46.0,0,0,0,0,0,0,0,0,0,0,0,0,0,0,0,0,0,0,0,0
BEL,0.0,0.0,0.0,0.0,1.0,3.0,3.0,3.0,3.0,3.0,9.0,9.0,9.0,11.0,12.0,13.0,13.0,13.0,15.0,17.0,17.0,17.0,22.0,24.0,24.0,27.0,28.0,29.0,31.0,31.0,34.0,36.0,37.0,39.0,40.0,41.0,43.0,43.0,45.0,48.0,50.0,53.0,54.0,0,0,0,0,0,0,0,0,0,0,0,0,0,0,0,0,0,0,0,0
BEN,1.0,1.0,2.0,2.0,3.0,4.0,4.0,4.0,5.0,5.0,5.0,6.0,6.0,6.0,7.0,8.0,9.0,10.0,11.0,12.0,12.0,12.0,12.0,12.0,12.0,12.0,12.0,13.0,14.0,17.0,18.0,19.0,20.0,22.0,22.0,22.0,22.0,22.0,22.0,22.0,23.0,24.0,25.0,0,0,0,0,0,0,0,0,0,0,0,0,0,0,0,0,0,0,0,0
BFA,1.0,1.0,1.0,1.0,2.0,3.0,3.0,3.0,5.0,5.0,6.0,6.0,6.0,6.0,7.0,8.0,8.0,8.0,9.0,10.0,10.0,11.0,11.0,12.0,12.0,12.0,14.0,15.0,17.0,19.0,20.0,21.0,22.0,23.0,24.0,25.0,26.0,27.0,27.0,27.0,31.0,31.0,32.0,0,0,0,0,0,0,0,0,0,0,0,0,0,0,0,0,0,0,0,0
BGD,2.0,5.0,7.0,15.0,16.0,21.0,27.0,30.0,36.0,42.0,50.0,56.0,61.0,72.0,81.0,90.0,97.0,104.0,111.0,122.0,133.0,140.0,146.0,153.0,160.0,172.0,179.0,184.0,189.0,195.0,201.0,206.0,211.0,214.0,218.0,225.0,228.0,233.0,237.0,243.0,245.0,247.0,249.0,0,0,0,0,0,0,0,0,0,0,0,0,0,0,0,0,0,0,0,0
BGR,0.0,1.0,1.0,2.0,2.0,2.0,2.0,2.0,2.0,2.0,2.0,2.0,2.0,3.0,3.0,3.0,3.0,4.0,5.0,6.0,10.0,12.0,13.0,13.0,13.0,20.0,22.0,28.0,29.0,29.0,31.0,31.0,34.0,34.0,39.0,40.0,40.0,40.0,41.0,41.0,41.0,43.0,44.0,0,0,0,0,0,0,0,0,0,0,0,0,0,0,0,0,0,0,0,0
BHS,0.0,0.0,0.0,0.0,0.0,0.0,0.0,0.0,1.0,1.0,2.0,2.0,3.0,3.0,3.0,4.0,4.0,4.0,4.0,5.0,5.0,6.0,6.0,6.0,9.0,10.0,10.0,11.0,13.0,13.0,13.0,14.0,15.0,16.0,16.0,17.0,18.0,19.0,19.0,20.0,20.0,20.0,20.0,0,0,0,0,0,0,0,0,0,0,0,0,0,0,0,0,0,0,0,0
BIH,0.0,0.0,0.0,0.0,0.0,0.0,0.0,0.0,0.0,0.0,0.0,0.0,0.0,0.0,0.0,0.0,0.0,0.0,0.0,1.0,3.0,4.0,4.0,5.0,7.0,9.0,9.0,10.0,10.0,13.0,16.0,16.0,17.0,17.0,21.0,22.0,22.0,22.0,22.0,24.0,25.0,26.0,27.0,0,0,0,0,0,0,0,0,0,0,0,0,0,0,0,0,0,0,0,0
BLM,0.0,0.0,0.0,0.0,0.0,0.0,0.0,0.0,0.0,0.0,0.0,0.0,0.0,0.0,0.0,0.0,0.0,0.0,0.0,0.0,0.0,0.0,0.0,0.0,0.0,0.0,0.0,0.0,0.0,0.0,0.0,0.0,0.0,0.0,0.0,0.0,0.0,1.0,1.0,1.0,1.0,1.0,1.0,0,0,0,0,0,0,0,0,0,0,0,0,0,0,0,0,0,0,0,0
BLR,0.0,0.0,0.0,0.0,0.0,0.0,0.0,0.0,0.0,0.0,0.0,0.0,0.0,1.0,1.0,1.0,2.0,3.0,3.0,4.0,5.0,5.0,5.0,5.0,5.0,6.0,6.0,7.0,7.0,7.0,7.0,7.0,8.0,9.0,10.0,10.0,10.0,11.0,12.0,12.0,12.0,12.0,12.0,0,0,0,0,0,0,0,0,0,0,0,0,0,0,0,0,0,0,0,0
BLZ,0.0,0.0,0.0,0.0,0.0,0.0,0.0,0.0,0.0,0.0,2.0,2.0,2.0,2.0,2.0,3.0,3.0,3.0,4.0,4.0,5.0,7.0,7.0,7.0,7.0,9.0,9.0,10.0,12.0,12.0,13.0,13.0,13.0,13.0,13.0,14.0,15.0,15.0,15.0,15.0,16.0,16.0,17.0,0,0,0,0,0,0,0,0,0,0,0,0,0,0,0,0,0,0,0,0
BMU,0.0,0.0,0.0,0.0,0.0,1.0,2.0,3.0,3.0,4.0,4.0,4.0,4.0,4.0,4.0,4.0,4.0,4.0,4.0,4.0,4.0,4.0,4.0,5.0,5.0,5.0,5.0,5.0,5.0,5.0,5.0,5.0,5.0,5.0,5.0,5.0,5.0,5.0,5.0,5.0,5.0,5.0,5.0,0,0,0,0,0,0,0,0,0,0,0,0,0,0,0,0,0,0,0,0
BOL,1.0,1.0,2.0,5.0,6.0,7.0,8.0,9.0,10.0,10.0,11.0,11.0,14.0,14.0,16.0,16.0,17.0,19.0,20.0,22.0,26.0,28.0,31.0,35.0,36.0,37.0,39.0,42.0,44.0,45.0,49.0,51.0,52.0,57.0,61.0,62.0,65.0,65.0,66.0,70.0,73.0,80.0,81.0,0,0,0,0,0,0,0,0,0,0,0,0,0,0,0,0,0,0,0,0
BRA,3.0,5.0,6.0,10.0,16.0,20.0,21.0,24.0,29.0,37.0,39.0,41.0,46.0,46.0,49.0,54.0,58.0,62.0,70.0,73.0,79.0,84.0,89.0,94.0,99.0,103.0,105.0,110.0,115.0,124.0,129.0,137.0,140.0,146.0,151.0,157.0,159.0,160.0,163.0,171.0,178.0,187.0,199.0,0,0,0,0,0,0,0,0,0,0,0,0,0,0,0,0,0,0,0,0
BRB,1.0,1.0,1.0,1.0,2.0,2.0,2.0,3.0,3.0,3.0,3.0,3.0,3.0,3.0,3.0,4.0,4.0,4.0,4.0,4.0,4.0,4.0,5.0,5.0,6.0,6.0,6.0,6.0,6.0,6.0,8.0,8.0,8.0,8.0,8.0,8.0,8.0,9.0,9.0,9.0,9.0,10.0,10.0,0,0,0,0,0,0,0,0,0,0,0,0,0,0,0,0,0,0,0,0
BRN,0.0,0.0,0.0,0.0,0.0,0.0,0.0,0.0,0.0,0.0,0.0,0.0,0.0,0.0,0.0,0.0,0.0,0.0,1.0,1.0,1.0,1.0,1.0,1.0,1.0,1.0,1.0,1.0,1.0,1.0,1.0,1.0,1.0,1.0,1.0,1.0,1.0,1.0,1.0,1.0,1.0,1.0,1.0,0,0,0,0,0,0,0,0,0,0,0,0,0,0,0,0,0,0,0,0
BTN,0.0,0.0,0.0,0.0,0.0,0.0,0.0,0.0,0.0,0.0,0.0,0.0,0.0,0.0,2.0,2.0,2.0,2.0,2.0,3.0,4.0,4.0,4.0,4.0,5.0,5.0,5.0,5.0,5.0,6.0,6.0,6.0,6.0,6.0,6.0,6.0,6.0,6.0,6.0,6.0,6.0,7.0,7.0,0,0,0,0,0,0,0,0,0,0,0,0,0,0,0,0,0,0,0,0
BWA,0.0,1.0,1.0,1.0,1.0,1.0,1.0,1.0,2.0,2.0,3.0,3.0,3.0,3.0,3.0,4.0,4.0,4.0,4.0,4.0,5.0,5.0,5.0,5.0,6.0,6.0,6.0,6.0,6.0,9.0,9.0,10.0,10.0,11.0,11.0,12.0,12.0,13.0,14.0,15.0,15.0,15.0,15.0,0,0,0,0,0,0,0,0,0,0,0,0,0,0,0,0,0,0,0,0
CAF,0.0,1.0,1.0,2.0,2.0,2.0,2.0,2.0,2.0,2.0,2.0,2.0,2.0,2.0,2.0,4.0,5.0,5.0,6.0,8.0,8.0,9.0,10.0,11.0,12.0,13.0,13.0,14.0,15.0,18.0,19.0,21.0,23.0,25.0,25.0,26.0,26.0,28.0,28.0,29.0,29.0,30.0,33.0,0,0,0,0,0,0,0,0,0,0,0,0,0,0,0,0,0,0,0,0
CAN,1.0,2.0,3.0,4.0,5.0,7.0,11.0,14.0,16.0,18.0,19.0,20.0,22.0,23.0,26.0,30.0,32.0,35.0,38.0,41.0,42.0,44.0,46.0,53.0,57.0,62.0,67.0,70.0,72.0,75.0,76.0,80.0,83.0,86.0,88.0,89.0,91.0,94.0,98.0,100.0,102.0,106.0,112.0,0,0,0,0,0,0,0,0,0,0,0,0,0,0,0,0,0,0,0,0
CHE,0.0,0.0,1.0,4.0,5.0,6.0,8.0,10.0,11.0,11.0,15.0,15.0,15.0,18.0,19.0,19.0,19.0,20.0,21.0,24.0,25.0,26.0,29.0,31.0,31.0,33.0,35.0,38.0,38.0,39.0,41.0,42.0,44.0,46.0,47.0,47.0,47.0,47.0,48.0,49.0,50.0,53.0,53.0,0,0,0,0,0,0,0,0,0,0,0,0,0,0,0,0,0,0,0,0
CHL,0.0,0.0,1.0,1.0,3.0,3.0,5.0,8.0,8.0,9.0,10.0,12.0,15.0,17.0,17.0,19.0,19.0,23.0,23.0,24.0,27.0,31.0,36.0,37.0,39.0,42.0,43.0,44.0,46.0,46.0,47.0,50.0,52.0,53.0,55.0,59.0,60.0,65.0,65.0,67.0,67.0,69.0,71.0,0,0,0,0,0,0,0,0,0,0,0,0,0,0,0,0,0,0,0,0
CHN,5.0,12.0,18.0,25.0,30.0,42.0,52.0,64.0,79.0,88.0,102.0,112.0,128.0,144.0,159.0,171.0,187.0,204.0,215.0,233.0,257.0,284.0,308.0,324.0,342.0,370.0,400.0,418.0,441.0,465.0,486.0,499.0,521.0,555.0,588.0,619.0,649.0,675.0,695.0,708.0,719.0,731.0,738.0,0,0,0,0,0,0,0,0,0,0,0,0,0,0,0,0,0,0,0,0
CIV,1.0,1.0,1.0,1.0,1.0,1.0,1.0,1.0,1.0,2.0,2.0,2.0,2.0,2.0,2.0,2.0,3.0,3.0,3.0,3.0,3.0,3.0,3.0,3.0,3.0,3.0,3.0,4.0,5.0,6.0,8.0,8.0,8.0,8.0,10.0,11.0,12.0,13.0,14.0,15.0,16.0,16.0,17.0,0,0,0,0,0,0,0,0,0,0,0,0,0,0,0,0,0,0,0,0
CMR,0.0,0.0,0.0,0.0,0.0,0.0,0.0,0.0,1.0,1.0,2.0,3.0,3.0,3.0,4.0,4.0,4.0,4.0,4.0,5.0,6.0,8.0,8.0,9.0,9.0,11.0,11.0,12.0,13.0,13.0,14.0,14.0,17.0,18.0,19.0,20.0,20.0,21.0,21.0,22.0,23.0,23.0,27.0,0,0,0,0,0,0,0,0,0,0,0,0,0,0,0,0,0,0,0,0
COD,0.0,0.0,0.0,1.0,1.0,1.0,1.0,1.0,1.0,2.0,3.0,3.0,3.0,3.0,4.0,4.0,4.0,5.0,5.0,6.0,6.0,9.0,10.0,14.0,14.0,15.0,19.0,20.0,22.0,24.0,28.0,30.0,31.0,31.0,33.0,37.0,39.0,41.0,42.0,45.0,51.0,51.0,56.0,0,0,0,0,0,0,0,0,0,0,0,0,0,0,0,0,0,0,0,0
COG,0.0,0.0,0.0,1.0,1.0,1.0,1.0,1.0,1.0,1.0,1.0,1.0,1.0,1.0,2.0,2.0,2.0,2.0,3.0,4.0,4.0,4.0,5.0,5.0,5.0,6.0,7.0,8.0,8.0,8.0,8.0,8.0,10.0,10.0,10.0,10.0,10.0,10.0,10.0,12.0,14.0,15.0,16.0,0,0,0,0,0,0,0,0,0,0,0,0,0,0,0,0,0,0,0,0
COK,0.0,1.0,1.0,1.0,1.0,1.0,1.0,2.0,2.0,2.0,3.0,3.0,3.0,3.0,3.0,3.0,3.0,4.0,4.0,4.0,4.0,5.0,5.0,5.0,5.0,6.0,6.0,6.0,6.0,6.0,7.0,7.0,7.0,7.0,7.0,7.0,7.0,7.0,7.0,7.0,7.0,7.0,7.0,0,0,0,0,0,0,0,0,0,0,0,0,0,0,0,0,0,0,0,0
COL,1.0,3.0,5.0,6.0,7.0,7.0,12.0,15.0,17.0,18.0,22.0,26.0,26.0,30.0,33.0,35.0,38.0,39.0,41.0,47.0,50.0,56.0,61.0,65.0,67.0,71.0,72.0,76.0,79.0,82.0,88.0,91.0,94.0,95.0,100.0,104.0,106.0,113.0,115.0,121.0,127.0,138.0,152.0,0,0,0,0,0,0,0,0,0,0,0,0,0,0,0,0,0,0,0,0
COM,0.0,1.0,1.0,2.0,2.0,3.0,3.0,4.0,4.0,5.0,5.0,5.0,5.0,5.0,5.0,5.0,5.0,5.0,5.0,5.0,5.0,5.0,5.0,6.0,6.0,6.0,6.0,6.0,6.0,7.0,7.0,7.0,8.0,8.0,9.0,9.0,9.0,9.0,9.0,11.0,11.0,11.0,11.0,0,0,0,0,0,0,0,0,0,0,0,0,0,0,0,0,0,0,0,0
CPV,1.0,1.0,2.0,2.0,3.0,3.0,3.0,3.0,3.0,3.0,3.0,3.0,4.0,4.0,4.0,4.0,4.0,4.0,5.0,5.0,5.0,5.0,6.0,6.0,6.0,6.0,6.0,6.0,6.0,7.0,7.0,7.0,7.0,7.0,7.0,8.0,8.0,9.0,9.0,9.0,10.0,10.0,11.0,0,0,0,0,0,0,0,0,0,0,0,0,0,0,0,0,0,0,0,0
CRI,1.0,1.0,1.0,1.0,1.0,1.0,1.0,1.0,3.0,3.0,3.0,4.0,5.0,6.0,8.0,9.0,12.0,12.0,14.0,15.0,16.0,17.0,19.0,20.0,22.0,25.0,25.0,27.0,31.0,31.0,33.0,34.0,35.0,35.0,36.0,37.0,38.0,39.0,41.0,41.0,42.0,43.0,44.0,0,0,0,0,0,0,0,0,0,0,0,0,0,0,0,0,0,0,0,0
CUB,1.0,2.0,3.0,4.0,4.0,6.0,8.0,9.0,12.0,12.0,14.0,14.0,15.0,19.0,21.0,24.0,27.0,28.0,30.0,32.0,34.0,35.0,38.0,39.0,42.0,44.0,46.0,49.0,54.0,54.0,54.0,54.0,57.0,58.0,58.0,60.0,61.0,62.0,64.0,65.0,67.0,69.0,72.0,0,0,0,0,0,0,0,0,0,0,0,0,0,0,0,0,0,0,0,0
CYM,0.0,0.0,0.0,0.0,0.0,0.0,0.0,0.0,0.0,0.0,0.0,0.0,0.0,0.0,0.0,0.0,0.0,0.0,0.0,0.0,0.0,1.0,3.0,3.0,5.0,5.0,5.0,5.0,7.0,7.0,7.0,7.0,7.0,7.0,7.0,7.0,7.0,7.0,7.0,7.0,7.0,7.0,7.0,0,0,0,0,0,0,0,0,0,0,0,0,0,0,0,0,0,0,0,0
CYP,0.0,0.0,0.0,1.0,1.0,1.0,1.0,1.0,1.0,1.0,1.0,2.0,2.0,2.0,2.0,2.0,2.0,2.0,3.0,3.0,6.0,6.0,6.0,7.0,8.0,8.0,8.0,9.0,9.0,9.0,9.0,9.0,9.0,9.0,9.0,9.0,9.0,9.0,9.0,9.0,9.0,10.0,10.0,0,0,0,0,0,0,0,0,0,0,0,0,0,0,0,0,0,0,0,0
CZE,0.0,0.0,0.0,0.0,0.0,0.0,0.0,0.0,0.0,0.0,0.0,0.0,0.0,0.0,0.0,0.0,1.0,2.0,3.0,3.0,4.0,4.0,7.0,8.0,8.0,11.0,13.0,14.0,15.0,17.0,21.0,21.0,23.0,24.0,24.0,24.0,24.0,25.0,26.0,26.0,27.0,30.0,32.0,0,0,0,0,0,0,0,0,0,0,0,0,0,0,0,0,0,0,0,0
DDR,0.0,0.0,0.0,0.0,2.0,3.0,3.0,3.0,3.0,3.0,3.0,3.0,3.0,3.0,3.0,3.0,3.0,3.0,3.0,3.0,3.0,3.0,3.0,3.0,3.0,3.0,3.0,3.0,3.0,3.0,3.0,3.0,3.0,3.0,3.0,3.0,3.0,3.0,3.0,3.0,3.0,3.0,3.0,0,0,0,0,0,0,0,0,0,0,0,0,0,0,0,0,0,0,0,0
DEU,0.0,0.0,0.0,0.0,0.0,0.0,0.0,0.0,0.0,0.0,6.0,7.0,8.0,11.0,15.0,17.0,18.0,20.0,21.0,25.0,25.0,26.0,30.0,33.0,34.0,39.0,44.0,47.0,50.0,53.0,57.0,58.0,60.0,64.0,66.0,66.0,67.0,70.0,72.0,75.0,76.0,79.0,83.0,0,0,0,0,0,0,0,0,0,0,0,0,0,0,0,0,0,0,0,0
DFR,0.0,0.0,0.0,2.0,4.0,5.0,5.0,5.0,6.0,6.0,6.0,7.0,7.0,7.0,7.0,7.0,7.0,7.0,7.0,7.0,7.0,7.0,7.0,7.0,7.0,7.0,7.0,7.0,7.0,7.0,7.0,7.0,7.0,7.0,7.0,7.0,7.0,7.0,7.0,7.0,7.0,7.0,7.0,0,0,0,0,0,0,0,0,0,0,0,0,0,0,0,0,0,0,0,0
DJI,1.0,2.0,2.0,3.0,3.0,3.0,3.0,3.0,4.0,5.0,5.0,5.0,5.0,6.0,7.0,8.0,9.0,9.0,9.0,10.0,10.0,10.0,10.0,10.0,11.0,12.0,12.0,13.0,14.0,14.0,15.0,15.0,15.0,15.0,15.0,15.0,15.0,15.0,16.0,17.0,18.0,18.0,19.0,0,0,0,0,0,0,0,0,0,0,0,0,0,0,0,0,0,0,0,0
DMA,1.0,1.0,1.0,1.0,2.0,2.0,2.0,2.0,2.0,3.0,3.0,3.0,3.0,3.0,3.0,5.0,5.0,5.0,5.0,6.0,6.0,6.0,6.0,6.0,6.0,6.0,6.0,7.0,7.0,7.0,7.0,8.0,8.0,8.0,8.0,9.0,9.0,10.0,10.0,10.0,10.0,10.0,10.0,0,0,0,0,0,0,0,0,0,0,0,0,0,0,0,0,0,0,0,0
DNK,1.0,2.0,2.0,3.0,3.0,4.0,4.0,4.0,4.0,4.0,7.0,7.0,8.0,8.0,8.0,8.0,8.0,8.0,8.0,9.0,9.0,9.0,10.0,10.0,10.0,11.0,11.0,12.0,12.0,12.0,13.0,13.0,13.0,15.0,15.0,15.0,15.0,15.0,15.0,15.0,15.0,15.0,16.0,0,0,0,0,0,0,0,0,0,0,0,0,0,0,0,0,0,0,0,0
DOM,1.0,2.0,2.0,3.0,3.0,4.0,5.0,6.0,7.0,8.0,8.0,9.0,9.0,11.0,11.0,13.0,15.0,15.0,16.0,16.0,16.0,17.0,18.0,21.0,25.0,28.0,28.0,33.0,36.0,38.0,41.0,44.0,48.0,49.0,50.0,53.0,56.0,59.0,61.0,61.0,63.0,65.0,68.0,0,0,0,0,0,0,0,0,0,0,0,0,0,0,0,0,0,0,0,0
DZA,0.0,2.0,3.0,3.0,4.0,5.0,5.0,5.0,6.0,6.0,6.0,6.0,7.0,9.0,12.0,12.0,13.0,14.0,14.0,15.0,20.0,21.0,24.0,29.0,31.0,34.0,35.0,42.0,43.0,45.0,45.0,46.0,48.0,48.0,48.0,50.0,50.0,51.0,52.0,53.0,53.0,56.0,57.0,0,0,0,0,0,0,0,0,0,0,0,0,0,0,0,0,0,0,0,0
ECU,0.0,0.0,1.0,3.0,3.0,4.0,4.0,6.0,6.0,7.0,7.0,7.0,8.0,11.0,12.0,12.0,12.0,15.0,15.0,15.0,18.0,20.0,22.0,23.0,23.0,23.0,24.0,24.0,25.0,27.0,29.0,31.0,33.0,37.0,37.0,38.0,40.0,40.0,40.0,42.0,43.0,45.0,50.0,0,0,0,0,0,0,0,0,0,0,0,0,0,0,0,0,0,0,0,0
EGY,0.0,0.0,0.0,0.0,0.0,0.0,0.0,1.0,1.0,1.0,1.0,2.0,2.0,2.0,3.0,5.0,7.0,9.0,9.0,9.0,10.0,10.0,12.0,12.0,13.0,13.0,13.0,13.0,13.0,13.0,16.0,16.0,16.0,16.0,16.0,19.0,20.0,20.0,20.0,20.0,21.0,22.0,22.0,0,0,0,0,0,0,0,0,0,0,0,0,0,0,0,0,0,0,0,0
ERI,0.0,0.0,0.0,0.0,0.0,0.0,0.0,0.0,0.0,0.0,0.0,0.0,0.0,2.0,2.0,2.0,2.0,2.0,2.0,3.0,3.0,3.0,3.0,4.0,5.0,5.0,5.0,5.0,6.0,6.0,6.0,6.0,6.0,6.0,6.0,6.0,6.0,6.0,6.0,6.0,6.0,6.0,6.0,0,0,0,0,0,0,0,0,0,0,0,0,0,0,0,0,0,0,0,0
ESP,1.0,2.0,4.0,6.0,9.0,12.0,12.0,14.0,14.0,17.0,20.0,21.0,21.0,21.0,25.0,27.0,29.0,31.0,33.0,35.0,40.0,41.0,42.0,44.0,47.0,49.0,52.0,56.0,56.0,58.0,60.0,61.0,63.0,65.0,66.0,68.0,69.0,71.0,75.0,83.0,84.0,87.0,89.0,0,0,0,0,0,0,0,0,0,0,0,0,0,0,0,0,0,0,0,0
EST,0.0,0.0,0.0,0.0,0.0,0.0,0.0,0.0,0.0,0.0,0.0,0.0,0.0,0.0,0.0,0.0,0.0,0.0,0.0,0.0,0.0,0.0,0.0,0.0,0.0,2.0,2.0,2.0,2.0,2.0,2.0,2.0,3.0,3.0,3.0,3.0,3.0,3.0,4.0,4.0,4.0,4.0,4.0,0,0,0,0,0,0,0,0,0,0,0,0,0,0,0,0,0,0,0,0
ETH,0.0,1.0,1.0,2.0,2.0,4.0,4.0,5.0,7.0,8.0,9.0,9.0,9.0,11.0,13.0,14.0,16.0,19.0,20.0,27.0,31.0,34.0,35.0,37.0,37.0,42.0,49.0,51.0,55.0,56.0,59.0,61.0,61.0,62.0,62.0,64.0,66.0,66.0,68.0,70.0,74.0,76.0,78.0,0,0,0,0,0,0,0,0,0,0,0,0,0,0,0,0,0,0,0,0
FIN,0.0,0.0,0.0,0.0,0.0,0.0,0.0,0.0,0.0,0.0,2.0,2.0,2.0,2.0,2.0,2.0,2.0,2.0,2.0,2.0,2.0,2.0,2.0,2.0,2.0,3.0,3.0,3.0,3.0,3.0,3.0,3.0,3.0,3.0,3.0,3.0,3.0,3.0,3.0,3.0,3.0,3.0,3.0,0,0,0,0,0,0,0,0,0,0,0,0,0,0,0,0,0,0,0,0
FJI,1.0,2.0,2.0,5.0,5.0,8.0,10.0,11.0,11.0,12.0,13.0,13.0,14.0,15.0,15.0,15.0,15.0,16.0,17.0,18.0,19.0,20.0,20.0,21.0,23.0,23.0,25.0,29.0,30.0,32.0,33.0,33.0,36.0,36.0,36.0,37.0,39.0,39.0,41.0,42.0,45.0,46.0,47.0,0,0,0,0,0,0,0,0,0,0,0,0,0,0,0,0,0,0,0,0
FRA,1.0,2.0,8.0,16.0,21.0,24.0,25.0,27.0,28.0,30.0,40.0,43.0,46.0,49.0,52.0,53.0,56.0,59.0,61.0,69.0,76.0,83.0,88.0,94.0,95.0,100.0,103.0,106.0,110.0,114.0,118.0,120.0,121.0,124.0,131.0,134.0,135.0,138.0,145.0,154.0,161.0,170.0,176.0,0,0,0,0,0,0,0,0,0,0,0,0,0,0,0,0,0,0,0,0
FSM,0.0,0.0,0.0,0.0,0.0,0.0,0.0,1.0,1.0,1.0,1.0,1.0,1.0,1.0,1.0,1.0,1.0,1.0,2.0,2.0,2.0,2.0,4.0,5.0,6.0,6.0,6.0,6.0,7.0,7.0,7.0,7.0,7.0,7.0,7.0,8.0,9.0,9.0,9.0,10.0,10.0,10.0,10.0,0,0,0,0,0,0,0,0,0,0,0,0,0,0,0,0,0,0,0,0
GAB,0.0,0.0,0.0,0.0,0.0,0.0,0.0,0.0,1.0,1.0,1.0,1.0,1.0,1.0,1.0,1.0,1.0,1.0,1.0,1.0,1.0,1.0,1.0,1.0,1.0,1.0,1.0,1.0,1.0,2.0,4.0,4.0,5.0,5.0,5.0,5.0,5.0,5.0,5.0,5.0,5.0,5.0,5.0,0,0,0,0,0,0,0,0,0,0,0,0,0,0,0,0,0,0,0,0
GBR,0.0,1.0,1.0,2.0,3.0,3.0,4.0,5.0,5.0,6.0,13.0,15.0,15.0,17.0,19.0,20.0,21.0,24.0,28.0,31.0,37.0,39.0,44.0,45.0,46.0,50.0,50.0,54.0,57.0,60.0,62.0,62.0,67.0,72.0,74.0,76.0,76.0,77.0,79.0,82.0,85.0,86.0,91.0,0,0,0,0,0,0,0,0,0,0,0,0,0,0,0,0,0,0,0,0
GEO,0.0,0.0,0.0,0.0,0.0,0.0,0.0,0.0,0.0,0.0,0.0,0.0,0.0,0.0,0.0,1.0,1.0,4.0,4.0,4.0,5.0,6.0,6.0,6.0,8.0,9.0,10.0,10.0,10.0,10.0,10.0,11.0,13.0,16.0,17.0,18.0,18.0,18.0,19.0,20.0,21.0,22.0,23.0,0,0,0,0,0,0,0,0,0,0,0,0,0,0,0,0,0,0,0,0
GHA,1.0,1.0,1.0,1.0,1.0,2.0,2.0,2.0,2.0,3.0,3.0,4.0,4.0,4.0,4.0,5.0,5.0,5.0,5.0,6.0,6.0,7.0,9.0,9.0,9.0,9.0,9.0,10.0,11.0,13.0,15.0,17.0,17.0,18.0,18.0,19.0,20.0,22.0,23.0,25.0,27.0,29.0,30.0,0,0,0,0,0,0,0,0,0,0,0,0,0,0,0,0,0,0,0,0
GIN,1.0,2.0,2.0,2.0,2.0,2.0,2.0,2.0,2.0,2.0,2.0,2.0,2.0,3.0,3.0,3.0,3.0,3.0,4.0,4.0,5.0,6.0,6.0,6.0,7.0,7.0,8.0,9.0,10.0,11.0,13.0,14.0,14.0,15.0,15.0,17.0,17.0,18.0,18.0,18.0,19.0,20.0,21.0,0,0,0,0,0,0,0,0,0,0,0,0,0,0,0,0,0,0,0,0
GMB,1.0,1.0,1.0,1.0,1.0,1.0,1.0,1.0,1.0,1.0,1.0,1.0,1.0,1.0,1.0,1.0,2.0,2.0,2.0,3.0,3.0,4.0,5.0,6.0,7.0,7.0,7.0,8.0,10.0,12.0,14.0,14.0,15.0,16.0,16.0,17.0,17.0,18.0,18.0,19.0,19.0,20.0,21.0,0,0,0,0,0,0,0,0,0,0,0,0,0,0,0,0,0,0,0,0
GNB,1.0,1.0,1.0,1.0,1.0,1.0,1.0,2.0,2.0,2.0,2.0,2.0,2.0,3.0,3.0,3.0,3.0,3.0,4.0,4.0,4.0,4.0,5.0,6.0,7.0,7.0,8.0,8.0,9.0,9.0,10.0,10.0,10.0,10.0,10.0,10.0,10.0,10.0,11.0,11.0,11.0,11.0,11.0,0,0,0,0,0,0,0,0,0,0,0,0,0,0,0,0,0,0,0,0
GRC,0.0,0.0,0.0,1.0,3.0,5.0,5.0,8.0,9.0,9.0,11.0,12.0,12.0,12.0,13.0,14.0,14.0,15.0,17.0,17.0,22.0,24.0,29.0,32.0,34.0,34.0,37.0,41.0,41.0,43.0,44.0,44.0,46.0,46.0,47.0,49.0,50.0,52.0,53.0,54.0,56.0,57.0,58.0,0,0,0,0,0,0,0,0,0,0,0,0,0,0,0,0,0,0,0,0
GRD,1.0,1.0,1.0,1.0,1.0,1.0,1.0,1.0,1.0,1.0,2.0,2.0,2.0,2.0,2.0,2.0,2.0,2.0,2.0,3.0,3.0,3.0,4.0,4.0,5.0,5.0,5.0,5.0,5.0,5.0,6.0,6.0,6.0,6.0,6.0,6.0,6.0,6.0,6.0,6.0,6.0,6.0,6.0,0,0,0,0,0,0,0,0,0,0,0,0,0,0,0,0,0,0,0,0
GTM,0.0,0.0,1.0,1.0,1.0,1.0,1.0,4.0,5.0,6.0,6.0,6.0,6.0,6.0,8.0,9.0,10.0,10.0,12.0,13.0,15.0,18.0,21.0,23.0,23.0,27.0,28.0,31.0,35.0,37.0,42.0,48.0,49.0,49.0,53.0,56.0,58.0,64.0,67.0,69.0,74.0,77.0,79.0,0,0,0,0,0,0,0,0,0,0,0,0,0,0,0,0,0,0,0,0
GUM,0.0,0.0,0.0,0.0,0.0,0.0,0.0,1.0,1.0,1.0,1.0,1.0,2.0,2.0,2.0,2.0,2.0,3.0,3.0,3.0,3.0,3.0,5.0,5.0,7.0,7.0,7.0,7.0,7.0,7.0,7.0,7.0,7.0,7.0,7.0,7.0,7.0,7.0,7.0,7.0,7.0,7.0,7.0,0,0,0,0,0,0,0,0,0,0,0,0,0,0,0,0,0,0,0,0
GUY,0.0,0.0,0.0,0.0,0.0,0.0,0.0,0.0,1.0,2.0,2.0,2.0,2.0,2.0,2.0,2.0,3.0,4.0,4.0,4.0,4.0,4.0,4.0,4.0,4.0,5.0,6.0,6.0,7.0,7.0,8.0,8.0,8.0,8.0,8.0,9.0,9.0,10.0,10.0,10.0,10.0,11.0,12.0,0,0,0,0,0,0,0,0,0,0,0,0,0,0,0,0,0,0,0,0
HKG,2.0,3.0,7.0,11.0,11.0,14.0,16.0,18.0,19.0,22.0,22.0,23.0,26.0,33.0,34.0,34.0,34.0,36.0,36.0,37.0,37.0,37.0,37.0,39.0,39.0,40.0,40.0,40.0,43.0,44.0,45.0,45.0,45.0,45.0,45.0,45.0,45.0,47.0,48.0,48.0,48.0,50.0,50.0,0,0,0,0,0,0,0,0,0,0,0,0,0,0,0,0,0,0,0,0
HND,0.0,1.0,2.0,2.0,3.0,3.0,4.0,4.0,7.0,7.0,8.0,8.0,8.0,10.0,13.0,15.0,18.0,19.0,20.0,21.0,23.0,25.0,29.0,31.0,32.0,37.0,38.0,41.0,43.0,44.0,48.0,49.0,50.0,50.0,53.0,53.0,55.0,59.0,61.0,61.0,65.0,66.0,69.0,0,0,0,0,0,0,0,0,0,0,0,0,0,0,0,0,0,0,0,0
HRV,0.0,0.0,0.0,0.0,0.0,0.0,0.0,0.0,0.0,0.0,0.0,0.0,0.0,0.0,0.0,0.0,0.0,1.0,1.0,1.0,4.0,5.0,5.0,8.0,8.0,11.0,12.0,14.0,14.0,14.0,17.0,17.0,20.0,20.0,22.0,23.0,23.0,25.0,26.0,27.0,27.0,27.0,28.0,0,0,0,0,0,0,0,0,0,0,0,0,0,0,0,0,0,0,0,0
HTI,2.0,2.0,2.0,2.0,2.0,2.0,4.0,8.0,13.0,16.0,17.0,17.0,18.0,20.0,21.0,21.0,25.0,25.0,26.0,27.0,29.0,31.0,33.0,38.0,41.0,49.0,52.0,59.0,63.0,66.0,71.0,75.0,80.0,81.0,83.0,85.0,93.0,98.0,98.0,100.0,101.0,104.0,106.0,0,0,0,0,0,0,0,0,0,0,0,0,0,0,0,0,0,0,0,0
HUN,0.0,0.0,0.0,0.0,1.0,1.0,2.0,2.0,2.0,2.0,2.0,2.0,3.0,3.0,3.0,3.0,4.0,5.0,5.0,8.0,9.0,11.0,12.0,14.0,15.0,19.0,21.0,22.0,23.0,23.0,24.0,24.0,25.0,27.0,28.0,28.0,29.0,30.0,31.0,32.0,32.0,32.0,32.0,0,0,0,0,0,0,0,0,0,0,0,0,0,0,0,0,0,0,0,0
IDN,3.0,7.0,14.0,18.0,22.0,26.0,31.0,37.0,40.0,43.0,45.0,49.0,51.0,53.0,60.0,65.0,71.0,73.0,75.0,79.0,87.0,95.0,104.0,117.0,124.0,130.0,142.0,152.0,165.0,172.0,180.0,188.0,199.0,211.0,219.0,230.0,242.0,252.0,260.0,274.0,300.0,321.0,334.0,0,0,0,0,0,0,0,0,0,0,0,0,0,0,0,0,0,0,0,0
IMN,0.0,0.0,0.0,0.0,0.0,0.0,0.0,0.0,0.0,0.0,0.0,0.0,0.0,0.0,0.0,0.0,0.0,0.0,0.0,0.0,0.0,0.0,0.0,0.0,0.0,0.0,0.0,0.0,0.0,0.0,0.0,0.0,0.0,0.0,0.0,0.0,0.0,0.0,0.0,0.0,1.0,1.0,1.0,0,0,0,0,0,0,0,0,0,0,0,0,0,0,0,0,0,0,0,0
IND,10.0,16.0,22.0,32.0,41.0,50.0,60.0,70.0,78.0,85.0,97.0,106.0,114.0,123.0,128.0,137.0,149.0,158.0,172.0,179.0,192.0,209.0,222.0,238.0,244.0,269.0,289.0,309.0,320.0,337.0,354.0,366.0,375.0,386.0,402.0,421.0,436.0,454.0,477.0,489.0,500.0,516.0,523.0,0,0,0,0,0,0,0,0,0,0,0,0,0,0,0,0,0,0,0,0
IRL,0.0,0.0,0.0,1.0,1.0,1.0,2.0,3.0,3.0,3.0,6.0,7.0,7.0,8.0,8.0,8.0,9.0,9.0,10.0,11.0,12.0,12.0,13.0,13.0,14.0,15.0,15.0,15.0,15.0,16.0,16.0,17.0,17.0,17.0,18.0,19.0,19.0,20.0,21.0,21.0,22.0,22.0,23.0,0,0,0,0,0,0,0,0,0,0,0,0,0,0,0,0,0,0,0,0
IRN,2.0,4.0,4.0,4.0,4.0,4.0,6.0,12.0,13.0,14.0,16.0,21.0,24.0,28.0,31.0,34.0,38.0,40.0,44.0,49.0,53.0,57.0,61.0,63.0,66.0,71.0,72.0,74.0,77.0,77.0,77.0,77.0,78.0,78.0,79.0,84.0,85.0,87.0,88.0,91.0,98.0,102.0,105.0,0,0,0,0,0,0,0,0,0,0,0,0,0,0,0,0,0,0,0,0
IRQ,0.0,0.0,0.0,0.0,0.0,0.0,0.0,0.0,0.0,0.0,0.0,0.0,0.0,0.0,0.0,0.0,0.0,0.0,1.0,1.0,1.0,1.0,1.0,1.0,2.0,2.0,4.0,4.0,5.0,6.0,6.0,7.0,8.0,9.0,9.0,10.0,10.0,10.0,11.0,12.0,13.0,16.0,17.0,0,0,0,0,0,0,0,0,0,0,0,0,0,0,0,0,0,0,0,0
ISL,0.0,0.0,0.0,1.0,1.0,1.0,1.0,1.0,2.0,2.0,2.0,2.0,2.0,2.0,2.0,4.0,4.0,4.0,4.0,4.0,4.0,4.0,4.0,4.0,4.0,4.0,4.0,4.0,4.0,4.0,4.0,4.0,4.0,4.0,4.0,4.0,4.0,4.0,4.0,4.0,4.0,4.0,4.0,0,0,0,0,0,0,0,0,0,0,0,0,0,0,0,0,0,0,0,0
ISR,0.0,0.0,0.0,1.0,1.0,1.0,1.0,1.0,1.0,1.0,1.0,2.0,3.0,3.0,3.0,4.0,4.0,5.0,6.0,7.0,9.0,9.0,9.0,9.0,9.0,9.0,9.0,9.0,9.0,9.0,11.0,11.0,11.0,12.0,12.0,13.0,14.0,14.0,15.0,15.0,17.0,17.0,17.0,0,0,0,0,0,0,0,0,0,0,0,0,0,0,0,0,0,0,0,0
ITA,0.0,0.0,1.0,3.0,3.0,4.0,5.0,11.0,11.0,11.0,14.0,14.0,16.0,17.0,20.0,20.0,23.0,25.0,27.0,29.0,33.0,36.0,40.0,43.0,44.0,45.0,47.0,49.0,52.0,56.0,59.0,63.0,66.0,67.0,72.0,76.0,77.0,81.0,85.0,90.0,97.0,99.0,102.0,0,0,0,0,0,0,0,0,0,0,0,0,0,0,0,0,0,0,0,0
JAM,1.0,2.0,2.0,2.0,2.0,3.0,4.0,5.0,7.0,7.0,7.0,8.0,8.0,9.0,10.0,10.0,11.0,11.0,11.0,11.0,12.0,13.0,16.0,16.0,18.0,21.0,22.0,24.0,26.0,26.0,27.0,27.0,28.0,28.0,29.0,29.0,30.0,31.0,31.0,31.0,31.0,31.0,31.0,0,0,0,0,0,0,0,0,0,0,0,0,0,0,0,0,0,0,0,0
JOR,0.0,0.0,0.0,0.0,0.0,0.0,0.0,1.0,1.0,1.0,1.0,3.0,4.0,4.0,4.0,4.0,4.0,5.0,5.0,6.0,9.0,9.0,10.0,10.0,10.0,10.0,10.0,10.0,10.0,10.0,10.0,10.0,10.0,10.0,10.0,10.0,10.0,10.0,12.0,12.0,12.0,12.0,12.0,0,0,0,0,0,0,0,0,0,0,0,0,0,0,0,0,0,0,0,0
JPN,2.0,7.0,12.0,16.0,17.0,19.0,24.0,25.0,26.0,30.0,33.0,38.0,40.0,46.0,49.0,51.0,53.0,56.0,63.0,66.0,70.0,75.0,81.0,84.0,95.0,99.0,104.0,109.0,111.0,116.0,118.0,123.0,130.0,139.0,150.0,160.0,167.0,171.0,176.0,185.0,189.0,193.0,199.0,0,0,0,0,0,0,0,0,0,0,0,0,0,0,0,0,0,0,0,0
KAZ,0.0,0.0,0.0,0.0,0.0,0.0,0.0,0.0,0.0,0.0,0.0,0.0,0.0,1.0,1.0,2.0,2.0,4.0,4.0,4.0,5.0,7.0,7.0,7.0,8.0,9.0,9.0,9.0,10.0,10.0,12.0,13.0,15.0,15.0,16.0,17.0,17.0,18.0,19.0,19.0,20.0,21.0,21.0,0,0,0,0,0,0,0,0,0,0,0,0,0,0,0,0,0,0,0,0
KEN,0.0,0.0,1.0,2.0,2.0,2.0,2.0,2.0,3.0,3.0,4.0,5.0,5.0,5.0,6.0,6.0,8.0,9.0,10.0,11.0,11.0,12.0,17.0,19.0,22.0,26.0,30.0,34.0,42.0,44.0,48.0,52.0,53.0,57.0,58.0,61.0,64.0,65.0,68.0,71.0,73.0,74.0,74.0,0,0,0,0,0,0,0,0,0,0,0,0,0,0,0,0,0,0,0,0
KGZ,0.0,0.0,0.0,0.0,0.0,0.0,0.0,0.0,0.0,0.0,0.0,0.0,0.0,0.0,2.0,2.0,2.0,2.0,3.0,3.0,4.0,4.0,5.0,6.0,9.0,10.0,11.0,12.0,12.0,13.0,14.0,14.0,16.0,16.0,17.0,17.0,17.0,18.0,18.0,18.0,18.0,19.0,20.0,0,0,0,0,0,0,0,0,0,0,0,0,0,0,0,0,0,0,0,0
KHM,0.0,0.0,0.0,0.0,0.0,0.0,0.0,1.0,1.0,1.0,1.0,2.0,2.0,2.0,4.0,4.0,5.0,6.0,6.0,8.0,9.0,11.0,13.0,13.0,14.0,16.0,18.0,19.0,19.0,21.0,22.0,23.0,24.0,25.0,26.0,28.0,29.0,29.0,30.0,31.0,33.0,37.0,39.0,0,0,0,0,0,0,0,0,0,0,0,0,0,0,0,0,0,0,0,0
KIR,0.0,0.0,0.0,0.0,0.0,0.0,0.0,0.0,0.0,0.0,0.0,0.0,0.0,0.0,0.0,0.0,0.0,0.0,0.0,1.0,1.0,1.0,1.0,1.0,1.0,1.0,1.0,1.0,2.0,2.0,2.0,2.0,2.0,2.0,3.0,4.0,4.0,4.0,4.0,4.0,4.0,4.0,4.0,0,0,0,0,0,0,0,0,0,0,0,0,0,0,0,0,0,0,0,0
KNA,0.0,0.0,0.0,0.0,1.0,1.0,1.0,2.0,2.0,3.0,4.0,4.0,4.0,4.0,4.0,5.0,5.0,5.0,6.0,7.0,7.0,7.0,7.0,7.0,7.0,7.0,7.0,7.0,8.0,8.0,8.0,8.0,8.0,8.0,8.0,8.0,8.0,9.0,9.0,9.0,9.0,9.0,9.0,0,0,0,0,0,0,0,0,0,0,0,0,0,0,0,0,0,0,0,0
KOR,2.0,4.0,6.0,6.0,8.0,9.0,10.0,13.0,14.0,15.0,18.0,20.0,22.0,24.0,25.0,27.0,29.0,31.0,35.0,37.0,42.0,46.0,50.0,51.0,58.0,63.0,64.0,66.0,67.0,67.0,68.0,71.0,74.0,74.0,77.0,77.0,79.0,79.0,80.0,84.0,89.0,90.0,94.0,0,0,0,0,0,0,0,0,0,0,0,0,0,0,0,0,0,0,0,0
KWT,0.0,0.0,0.0,0.0,0.0,0.0,0.0,0.0,0.0,0.0,0.0,0.0,0.0,0.0,0.0,0.0,0.0,1.0,1.0,1.0,1.0,1.0,1.0,1.0,1.0,1.0,1.0,1.0,1.0,1.0,1.0,1.0,1.0,1.0,1.0,1.0,1.0,1.0,2.0,2.0,2.0,2.0,2.0,0,0,0,0,0,0,0,0,0,0,0,0,0,0,0,0,0,0,0,0
LAO,0.0,1.0,1.0,1.0,2.0,2.0,2.0,3.0,4.0,4.0,4.0,7.0,9.0,10.0,11.0,14.0,15.0,15.0,15.0,16.0,17.0,18.0,19.0,19.0,19.0,19.0,19.0,19.0,20.0,22.0,22.0,24.0,24.0,26.0,27.0,29.0,30.0,31.0,34.0,36.0,38.0,39.0,40.0,0,0,0,0,0,0,0,0,0,0,0,0,0,0,0,0,0,0,0,0
LBN,0.0,0.0,0.0,0.0,0.0,0.0,0.0,1.0,1.0,1.0,1.0,1.0,2.0,2.0,2.0,2.0,2.0,2.0,2.0,2.0,2.0,2.0,3.0,4.0,4.0,4.0,4.0,5.0,5.0,5.0,5.0,5.0,5.0,5.0,5.0,8.0,8.0,8.0,9.0,10.0,11.0,11.0,11.0,0,0,0,0,0,0,0,0,0,0,0,0,0,0,0,0,0,0,0,0
LBR,1.0,1.0,1.0,1.0,1.0,1.0,1.0,1.0,1.0,1.0,2.0,2.0,2.0,2.0,2.0,3.0,3.0,3.0,4.0,4.0,4.0,4.0,4.0,4.0,4.0,4.0,4.0,6.0,7.0,8.0,9.0,9.0,9.0,9.0,9.0,9.0,10.0,10.0,10.0,10.0,10.0,10.0,10.0,0,0,0,0,0,0,0,0,0,0,0,0,0,0,0,0,0,0,0,0
LBY,0.0,0.0,0.0,0.0,0.0,0.0,0.0,0.0,0.0,0.0,0.0,0.0,0.0,0.0,0.0,1.0,1.0,1.0,1.0,1.0,1.0,1.0,1.0,1.0,1.0,1.0,1.0,1.0,1.0,1.0,1.0,1.0,1.0,2.0,2.0,2.0,2.0,2.0,2.0,3.0,3.0,3.0,3.0,0,0,0,0,0,0,0,0,0,0,0,0,0,0,0,0,0,0,0,0
LCA,1.0,1.0,1.0,2.0,2.0,2.0,3.0,4.0,5.0,5.0,5.0,5.0,5.0,5.0,6.0,6.0,7.0,7.0,7.0,8.0,8.0,8.0,8.0,8.0,9.0,9.0,9.0,10.0,10.0,10.0,13.0,13.0,13.0,14.0,14.0,14.0,15.0,15.0,15.0,15.0,15.0,16.0,17.0,0,0,0,0,0,0,0,0,0,0,0,0,0,0,0,0,0,0,0,0
LKA,1.0,3.0,6.0,7.0,11.0,12.0,13.0,14.0,15.0,16.0,18.0,19.0,21.0,24.0,27.0,28.0,29.0,30.0,32.0,33.0,36.0,38.0,39.0,40.0,41.0,42.0,43.0,46.0,50.0,53.0,55.0,59.0,62.0,65.0,72.0,74.0,76.0,79.0,82.0,88.0,91.0,96.0,101.0,0,0,0,0,0,0,0,0,0,0,0,0,0,0,0,0,0,0,0,0
LSO,0.0,0.0,0.0,1.0,1.0,2.0,2.0,3.0,3.0,4.0,6.0,6.0,6.0,6.0,6.0,6.0,7.0,7.0,7.0,7.0,7.0,9.0,10.0,10.0,10.0,10.0,10.0,11.0,12.0,12.0,12.0,15.0,15.0,15.0,16.0,16.0,17.0,17.0,17.0,18.0,19.0,20.0,20.0,0,0,0,0,0,0,0,0,0,0,0,0,0,0,0,0,0,0,0,0
LTU,0.0,0.0,0.0,0.0,0.0,0.0,0.0,0.0,0.0,0.0,0.0,0.0,1.0,2.0,2.0,2.0,2.0,2.0,2.0,4.0,4.0,5.0,5.0,5.0,5.0,7.0,8.0,8.0,8.0,8.0,10.0,10.0,12.0,12.0,12.0,12.0,12.0,12.0,14.0,14.0,14.0,14.0,14.0,0,0,0,0,0,0,0,0,0,0,0,0,0,0,0,0,0,0,0,0
LUX,0.0,0.0,0.0,1.0,1.0,1.0,1.0,1.0,1.0,1.0,7.0,7.0,7.0,8.0,8.0,9.0,9.0,9.0,9.0,9.0,9.0,9.0,9.0,10.0,10.0,10.0,10.0,10.0,10.0,10.0,11.0,11.0,11.0,11.0,11.0,11.0,11.0,11.0,11.0,12.0,12.0,13.0,13.0,0,0,0,0,0,0,0,0,0,0,0,0,0,0,0,0,0,0,0,0
LVA,0.0,0.0,0.0,0.0,0.0,0.0,0.0,0.0,0.0,0.0,0.0,0.0,0.0,0.0,0.0,0.0,0.0,0.0,0.0,1.0,1.0,2.0,2.0,3.0,3.0,6.0,6.0,6.0,6.0,6.0,6.0,6.0,7.0,7.0,7.0,7.0,7.0,7.0,8.0,8.0,8.0,8.0,8.0,0,0,0,0,0,0,0,0,0,0,0,0,0,0,0,0,0,0,0,0
MAC,0.0,0.0,0.0,0.0,0.0,0.0,0.0,0.0,0.0,0.0,0.0,0.0,0.0,4.0,4.0,4.0,4.0,4.0,4.0,4.0,4.0,4.0,4.0,4.0,4.0,4.0,4.0,4.0,4.0,4.0,4.0,4.0,4.0,4.0,4.0,4.0,4.0,6.0,6.0,6.0,6.0,6.0,6.0,0,0,0,0,0,0,0,0,0,0,0,0,0,0,0,0,0,0,0,0
MAF,0.0,0.0,0.0,0.0,0.0,0.0,0.0,0.0,0.0,0.0,0.0,0.0,0.0,0.0,0.0,0.0,0.0,0.0,0.0,0.0,0.0,0.0,0.0,0.0,0.0,0.0,0.0,0.0,0.0,0.0,0.0,0.0,0.0,0.0,0.0,0.0,0.0,1.0,1.0,1.0,1.0,1.0,1.0,0,0,0,0,0,0,0,0,0,0,0,0,0,0,0,0,0,0,0,0
MAR,0.0,0.0,1.0,2.0,3.0,3.0,3.0,3.0,3.0,3.0,3.0,3.0,3.0,3.0,3.0,6.0,8.0,9.0,9.0,10.0,13.0,14.0,15.0,16.0,16.0,17.0,20.0,20.0,22.0,24.0,26.0,26.0,27.0,27.0,30.0,30.0,31.0,33.0,34.0,37.0,37.0,39.0,39.0,0,0,0,0,0,0,0,0,0,0,0,0,0,0,0,0,0,0,0,0
MDA,0.0,0.0,0.0,0.0,0.0,0.0,0.0,0.0,0.0,0.0,0.0,0.0,0.0,0.0,2.0,2.0,2.0,3.0,3.0,4.0,6.0,6.0,7.0,7.0,7.0,9.0,9.0,10.0,11.0,11.0,12.0,12.0,14.0,14.0,14.0,14.0,14.0,14.0,14.0,15.0,15.0,15.0,15.0,0,0,0,0,0,0,0,0,0,0,0,0,0,0,0,0,0,0,0,0
MDG,0.0,2.0,3.0,4.0,5.0,5.0,7.0,7.0,8.0,9.0,9.0,10.0,10.0,10.0,13.0,13.0,14.0,16.0,17.0,17.0,20.0,20.0,24.0,28.0,30.0,34.0,36.0,40.0,44.0,47.0,48.0,49.0,52.0,54.0,56.0,59.0,60.0,62.0,64.0,67.0,70.0,72.0,79.0,0,0,0,0,0,0,0,0,0,0,0,0,0,0,0,0,0,0,0,0
MDV,0.0,0.0,0.0,0.0,0.0,0.0,0.0,1.0,1.0,1.0,1.0,2.0,2.0,2.0,2.0,2.0,2.0,2.0,2.0,2.0,2.0,2.0,2.0,2.0,2.0,2.0,2.0,3.0,3.0,3.0,3.0,3.0,3.0,3.0,3.0,3.0,3.0,3.0,3.0,4.0,4.0,5.0,5.0,0,0,0,0,0,0,0,0,0,0,0,0,0,0,0,0,0,0,0,0
MEX,2.0,3.0,6.0,9.0,11.0,11.0,12.0,14.0,19.0,21.0,24.0,27.0,30.0,37.0,37.0,44.0,50.0,56.0,65.0,72.0,78.0,84.0,91.0,99.0,102.0,109.0,116.0,123.0,126.0,133.0,141.0,152.0,154.0,159.0,165.0,169.0,176.0,181.0,184.0,190.0,197.0,207.0,212.0,0,0,0,0,0,0,0,0,0,0,0,0,0,0,0,0,0,0,0,0
MHL,0.0,0.0,0.0,0.0,0.0,0.0,0.0,0.0,0.0,0.0,0.0,1.0,1.0,1.0,1.0,1.0,1.0,1.0,1.0,1.0,1.0,1.0,1.0,1.0,1.0,1.0,1.0,1.0,2.0,2.0,2.0,2.0,2.0,3.0,4.0,5.0,5.0,5.0,6.0,6.0,6.0,6.0,7.0,0,0,0,0,0,0,0,0,0,0,0,0,0,0,0,0,0,0,0,0
MKD,0.0,0.0,0.0,0.0,0.0,0.0,0.0,0.0,0.0,0.0,0.0,0.0,0.0,1.0,1.0,2.0,2.0,2.0,2.0,2.0,3.0,4.0,5.0,7.0,9.0,11.0,12.0,14.0,14.0,14.0,14.0,14.0,15.0,16.0,17.0,19.0,20.0,21.0,21.0,21.0,21.0,22.0,22.0,0,0,0,0,0,0,0,0,0,0,0,0,0,0,0,0,0,0,0,0
MLI,1.0,1.0,1.0,1.0,1.0,1.0,1.0,1.0,2.0,3.0,3.0,4.0,4.0,4.0,4.0,4.0,4.0,4.0,6.0,7.0,8.0,10.0,11.0,12.0,12.0,15.0,17.0,19.0,20.0,21.0,24.0,26.0,26.0,28.0,28.0,29.0,30.0,30.0,31.0,33.0,34.0,34.0,36.0,0,0,0,0,0,0,0,0,0,0,0,0,0,0,0,0,0,0,0,0
MMR,0.0,1.0,2.0,2.0,2.0,2.0,2.0,2.0,2.0,2.0,2.0,3.0,4.0,4.0,5.0,6.0,6.0,7.0,7.0,8.0,8.0,9.0,10.0,10.0,11.0,12.0,14.0,18.0,19.0,20.0,22.0,23.0,24.0,26.0,28.0,34.0,39.0,41.0,45.0,48.0,50.0,51.0,51.0,0,0,0,0,0,0,0,0,0,0,0,0,0,0,0,0,0,0,0,0
MNE,0.0,0.0,0.0,0.0,0.0,0.0,0.0,0.0,0.0,0.0,0.0,0.0,0.0,0.0,0.0,0.0,0.0,0.0,0.0,0.0,0.0,0.0,0.0,0.0,0.0,0.0,0.0,1.0,1.0,2.0,4.0,4.0,5.0,5.0,5.0,5.0,5.0,6.0,6.0,6.0,6.0,6.0,6.0,0,0,0,0,0,0,0,0,0,0,0,0,0,0,0,0,0,0,0,0
MNG,0.0,0.0,1.0,1.0,1.0,1.0,2.0,2.0,2.0,2.0,4.0,5.0,5.0,6.0,7.0,7.0,9.0,9.0,9.0,9.0,12.0,13.0,15.0,16.0,16.0,16.0,16.0,16.0,17.0,19.0,19.0,19.0,19.0,19.0,19.0,20.0,21.0,22.0,25.0,28.0,32.0,34.0,36.0,0,0,0,0,0,0,0,0,0,0,0,0,0,0,0,0,0,0,0,0
MNP,0.0,0.0,0.0,0.0,0.0,0.0,0.0,0.0,0.0,0.0,0.0,0.0,0.0,0.0,0.0,0.0,0.0,0.0,0.0,0.0,0.0,0.0,1.0,1.0,2.0,2.0,2.0,2.0,2.0,2.0,2.0,2.0,2.0,2.0,2.0,3.0,3.0,3.0,4.0,4.0,4.0,4.0,4.0,0,0,0,0,0,0,0,0,0,0,0,0,0,0,0,0,0,0,0,0
MOZ,0.0,2.0,2.0,2.0,3.0,5.0,5.0,6.0,7.0,8.0,9.0,9.0,9.0,9.0,10.0,10.0,11.0,13.0,15.0,16.0,21.0,25.0,27.0,32.0,32.0,35.0,35.0,41.0,45.0,47.0,49.0,52.0,55.0,56.0,58.0,59.0,63.0,64.0,66.0,71.0,74.0,77.0,81.0,0,0,0,0,0,0,0,0,0,0,0,0,0,0,0,0,0,0,0,0
MRT,1.0,1.0,1.0,1.0,2.0,3.0,3.0,3.0,3.0,3.0,3.0,4.0,4.0,5.0,5.0,6.0,6.0,7.0,7.0,10.0,10.0,12.0,13.0,14.0,14.0,15.0,17.0,19.0,19.0,20.0,22.0,23.0,23.0,24.0,24.0,24.0,24.0,26.0,27.0,28.0,31.0,31.0,32.0,0,0,0,0,0,0,0,0,0,0,0,0,0,0,0,0,0,0,0,0
MSR,0.0,0.0,0.0,0.0,0.0,0.0,0.0,0.0,0.0,1.0,2.0,2.0,2.0,2.0,2.0,3.0,3.0,3.0,3.0,3.0,3.0,3.0,3.0,3.0,3.0,3.0,3.0,3.0,3.0,3.0,3.0,3.0,3.0,3.0,3.0,3.0,3.0,3.0,3.0,3.0,3.0,3.0,3.0,0,0,0,0,0,0,0,0,0,0,0,0,0,0,0,0,0,0,0,0
MUS,0.0,0.0,2.0,3.0,3.0,3.0,3.0,3.0,3.0,4.0,4.0,5.0,5.0,5.0,6.0,6.0,7.0,7.0,7.0,9.0,9.0,9.0,10.0,10.0,10.0,10.0,10.0,11.0,11.0,11.0,11.0,11.0,11.0,12.0,12.0,12.0,12.0,12.0,13.0,13.0,13.0,13.0,14.0,0,0,0,0,0,0,0,0,0,0,0,0,0,0,0,0,0,0,0,0
MWI,0.0,0.0,1.0,1.0,1.0,1.0,1.0,2.0,2.0,3.0,4.0,5.0,6.0,6.0,6.0,8.0,8.0,9.0,10.0,11.0,12.0,14.0,17.0,19.0,19.0,22.0,24.0,29.0,30.0,30.0,31.0,34.0,38.0,39.0,39.0,42.0,43.0,44.0,47.0,50.0,51.0,52.0,56.0,0,0,0,0,0,0,0,0,0,0,0,0,0,0,0,0,0,0,0,0
MYS,0.0,0.0,0.0,1.0,1.0,1.0,2.0,3.0,4.0,4.0,4.0,4.0,4.0,5.0,5.0,7.0,10.0,12.0,15.0,16.0,18.0,22.0,24.0,27.0,32.0,35.0,39.0,41.0,43.0,45.0,45.0,47.0,47.0,48.0,50.0,51.0,55.0,59.0,61.0,65.0,70.0,78.0,84.0,0,0,0,0,0,0,0,0,0,0,0,0,0,0,0,0,0,0,0,0
NAM,0.0,1.0,1.0,1.0,1.0,1.0,1.0,1.0,1.0,1.0,2.0,2.0,2.0,2.0,2.0,3.0,3.0,3.0,4.0,4.0,5.0,6.0,7.0,8.0,10.0,10.0,12.0,13.0,14.0,15.0,16.0,17.0,18.0,20.0,20.0,21.0,21.0,22.0,23.0,23.0,24.0,25.0,25.0,0,0,0,0,0,0,0,0,0,0,0,0,0,0,0,0,0,0,0,0
NCL,0.0,3.0,3.0,3.0,3.0,3.0,3.0,3.0,3.0,3.0,3.0,3.0,3.0,3.0,3.0,3.0,3.0,3.0,3.0,4.0,4.0,4.0,4.0,5.0,5.0,5.0,5.0,5.0,5.0,5.0,5.0,5.0,5.0,5.0,5.0,5.0,5.0,5.0,5.0,5.0,5.0,6.0,6.0,0,0,0,0,0,0,0,0,0,0,0,0,0,0,0,0,0,0,0,0
NER,1.0,1.0,1.0,1.0,1.0,1.0,1.0,1.0,3.0,3.0,4.0,4.0,4.0,4.0,5.0,5.0,5.0,6.0,7.0,9.0,10.0,12.0,13.0,14.0,14.0,15.0,16.0,17.0,18.0,20.0,22.0,25.0,26.0,28.0,29.0,31.0,33.0,36.0,37.0,39.0,42.0,43.0,45.0,0,0,0,0,0,0,0,0,0,0,0,0,0,0,0,0,0,0,0,0
NGA,0.0,1.0,1.0,1.0,1.0,2.0,2.0,2.0,4.0,4.0,4.0,4.0,5.0,5.0,6.0,6.0,6.0,6.0,8.0,12.0,21.0,24.0,26.0,27.0,32.0,34.0,37.0,40.0,40.0,42.0,43.0,48.0,50.0,51.0,52.0,53.0,55.0,57.0,59.0,61.0,64.0,66.0,69.0,0,0,0,0,0,0,0,0,0,0,0,0,0,0,0,0,0,0,0,0
NIC,1.0,1.0,2.0,2.0,2.0,2.0,2.0,2.0,3.0,3.0,4.0,5.0,5.0,6.0,7.0,8.0,10.0,11.0,12.0,14.0,18.0,20.0,23.0,23.0,25.0,27.0,27.0,29.0,32.0,35.0,39.0,40.0,41.0,42.0,44.0,45.0,46.0,48.0,50.0,50.0,52.0,52.0,54.0,0,0,0,0,0,0,0,0,0,0,0,0,0,0,0,0,0,0,0,0
NLD,0.0,0.0,0.0,0.0,1.0,2.0,3.0,3.0,3.0,3.0,9.0,9.0,10.0,11.0,12.0,13.0,13.0,14.0,16.0,16.0,16.0,16.0,17.0,18.0,18.0,21.0,22.0,23.0,24.0,24.0,25.0,25.0,26.0,29.0,29.0,29.0,30.0,30.0,32.0,33.0,34.0,36.0,37.0,0,0,0,0,0,0,0,0,0,0,0,0,0,0,0,0,0,0,0,0
NOR,0.0,0.0,0.0,0.0,0.0,0.0,0.0,0.0,0.0,0.0,2.0,2.0,3.0,4.0,4.0,5.0,5.0,5.0,5.0,5.0,6.0,7.0,7.0,7.0,7.0,8.0,8.0,8.0,9.0,9.0,9.0,10.0,10.0,10.0,10.0,10.0,10.0,10.0,10.0,11.0,12.0,12.0,13.0,0,0,0,0,0,0,0,0,0,0,0,0,0,0,0,0,0,0,0,0
NPL,0.0,2.0,3.0,5.0,6.0,7.0,9.0,10.0,13.0,14.0,15.0,17.0,18.0,20.0,20.0,23.0,26.0,27.0,29.0,31.0,32.0,33.0,35.0,37.0,38.0,41.0,45.0,46.0,48.0,53.0,55.0,61.0,64.0,66.0,72.0,74.0,77.0,80.0,82.0,84.0,85.0,89.0,93.0,0,0,0,0,0,0,0,0,0,0,0,0,0,0,0,0,0,0,0,0
NZL,2.0,3.0,3.0,4.0,5.0,7.0,10.0,12.0,16.0,17.0,17.0,18.0,21.0,21.0,22.0,22.0,23.0,25.0,26.0,27.0,29.0,30.0,31.0,32.0,34.0,36.0,37.0,38.0,38.0,38.0,38.0,38.0,39.0,41.0,41.0,43.0,44.0,46.0,47.0,47.0,50.0,54.0,55.0,0,0,0,0,0,0,0,0,0,0,0,0,0,0,0,0,0,0,0,0
OMN,0.0,1.0,1.0,1.0,1.0,1.0,1.0,1.0,1.0,1.0,1.0,1.0,1.0,1.0,1.0,1.0,1.0,1.0,1.0,1.0,1.0,1.0,2.0,3.0,3.0,3.0,3.0,4.0,4.0,4.0,5.0,6.0,6.0,6.0,6.0,7.0,8.0,9.0,11.0,12.0,13.0,15.0,15.0,0,0,0,0,0,0,0,0,0,0,0,0,0,0,0,0,0,0,0,0
PAK,2.0,4.0,5.0,8.0,9.0,9.0,10.0,10.0,12.0,13.0,14.0,17.0,20.0,24.0,27.0,30.0,33.0,38.0,41.0,47.0,48.0,53.0,59.0,65.0,67.0,75.0,84.0,94.0,97.0,100.0,107.0,108.0,113.0,115.0,118.0,125.0,133.0,138.0,140.0,150.0,156.0,162.0,166.0,0,0,0,0,0,0,0,0,0,0,0,0,0,0,0,0,0,0,0,0
PAN,0.0,0.0,0.0,1.0,2.0,2.0,3.0,3.0,4.0,4.0,4.0,5.0,6.0,6.0,6.0,7.0,7.0,7.0,8.0,10.0,11.0,12.0,14.0,15.0,18.0,19.0,22.0,23.0,25.0,26.0,30.0,32.0,34.0,35.0,36.0,38.0,39.0,40.0,41.0,41.0,44.0,46.0,47.0,0,0,0,0,0,0,0,0,0,0,0,0,0,0,0,0,0,0,0,0
PER,1.0,3.0,6.0,10.0,11.0,13.0,15.0,19.0,21.0,22.0,27.0,28.0,30.0,31.0,33.0,34.0,34.0,37.0,39.0,42.0,44.0,48.0,53.0,56.0,60.0,60.0,62.0,64.0,65.0,71.0,74.0,79.0,82.0,85.0,89.0,92.0,93.0,96.0,96.0,101.0,105.0,113.0,115.0,0,0,0,0,0,0,0,0,0,0,0,0,0,0,0,0,0,0,0,0
PHL,8.0,20.0,33.0,39.0,43.0,48.0,55.0,61.0,69.0,81.0,90.0,99.0,106.0,116.0,133.0,146.0,151.0,155.0,161.0,177.0,187.0,196.0,207.0,217.0,229.0,233.0,252.0,266.0,286.0,309.0,322.0,352.0,370.0,383.0,395.0,411.0,421.0,432.0,440.0,449.0,456.0,469.0,478.0,0,0,0,0,0,0,0,0,0,0,0,0,0,0,0,0,0,0,0,0
PLW,0.0,0.0,0.0,0.0,0.0,0.0,0.0,0.0,0.0,0.0,0.0,0.0,0.0,0.0,0.0,0.0,0.0,0.0,0.0,0.0,0.0,0.0,0.0,0.0,0.0,0.0,0.0,0.0,0.0,0.0,0.0,0.0,1.0,2.0,2.0,3.0,3.0,3.0,3.0,3.0,3.0,4.0,4.0,0,0,0,0,0,0,0,0,0,0,0,0,0,0,0,0,0,0,0,0
PNG,1.0,1.0,1.0,3.0,3.0,3.0,3.0,3.0,3.0,3.0,3.0,4.0,5.0,7.0,7.0,7.0,8.0,11.0,11.0,12.0,12.0,12.0,13.0,15.0,16.0,17.0,21.0,22.0,24.0,25.0,25.0,26.0,28.0,29.0,31.0,34.0,35.0,35.0,35.0,37.0,42.0,42.0,42.0,0,0,0,0,0,0,0,0,0,0,0,0,0,0,0,0,0,0,0,0
POL,1.0,1.0,2.0,4.0,4.0,4.0,4.0,5.0,5.0,5.0,6.0,6.0,7.0,7.0,8.0,8.0,8.0,10.0,12.0,14.0,15.0,17.0,20.0,20.0,21.0,25.0,26.0,28.0,30.0,33.0,36.0,37.0,41.0,43.0,44.0,46.0,48.0,49.0,51.0,52.0,54.0,57.0,60.0,0,0,0,0,0,0,0,0,0,0,0,0,0,0,0,0,0,0,0,0
PRK,0.0,0.0,0.0,0.0,0.0,0.0,0.0,2.0,2.0,2.0,2.0,2.0,2.0,3.0,3.0,5.0,6.0,8.0,9.0,10.0,11.0,13.0,15.0,15.0,17.0,18.0,20.0,22.0,22.0,22.0,25.0,28.0,31.0,32.0,32.0,34.0,36.0,37.0,40.0,42.0,43.0,44.0,44.0,0,0,0,0,0,0,0,0,0,0,0,0,0,0,0,0,0,0,0,0
PRT,0.0,1.0,1.0,4.0,4.0,5.0,6.0,6.0,6.0,7.0,7.0,8.0,8.0,8.0,8.0,8.0,10.0,12.0,12.0,12.0,13.0,15.0,16.0,19.0,21.0,23.0,25.0,25.0,27.0,27.0,30.0,30.0,30.0,33.0,35.0,36.0,37.0,39.0,42.0,43.0,43.0,43.0,46.0,0,0,0,0,0,0,0,0,0,0,0,0,0,0,0,0,0,0,0,0
PRY,0.0,0.0,1.0,3.0,3.0,3.0,3.0,3.0,4.0,4.0,5.0,5.0,6.0,6.0,6.0,8.0,8.0,10.0,11.0,12.0,13.0,13.0,15.0,15.0,16.0,17.0,17.0,18.0,20.0,23.0,24.0,25.0,28.0,31.0,33.0,36.0,37.0,37.0,39.0,43.0,43.0,45.0,45.0,0,0,0,0,0,0,0,0,0,0,0,0,0,0,0,0,0,0,0,0
PSE,0.0,0.0,0.0,0.0,0.0,0.0,0.0,0.0,0.0,0.0,0.0,0.0,0.0,0.0,0.0,0.0,0.0,0.0,0.0,0.0,0.0,0.0,0.0,0.0,0.0,0.0,0.0,0.0,1.0,1.0,2.0,2.0,3.0,5.0,5.0,7.0,7.0,7.0,7.0,7.0,8.0,8.0,9.0,0,0,0,0,0,0,0,0,0,0,0,0,0,0,0,0,0,0,0,0
PYF,0.0,0.0,0.0,2.0,2.0,2.0,2.0,3.0,3.0,3.0,3.0,3.0,3.0,3.0,3.0,3.0,3.0,3.0,5.0,5.0,5.0,5.0,5.0,5.0,5.0,5.0,5.0,5.0,5.0,5.0,6.0,6.0,6.0,6.0,6.0,6.0,6.0,7.0,7.0,7.0,7.0,7.0,7.0,0,0,0,0,0,0,0,0,0,0,0,0,0,0,0,0,0,0,0,0
QAT,0.0,0.0,0.0,0.0,0.0,0.0,0.0,0.0,0.0,0.0,0.0,0.0,0.0,0.0,0.0,0.0,0.0,0.0,0.0,0.0,0.0,0.0,0.0,0.0,0.0,0.0,0.0,0.0,0.0,0.0,0.0,0.0,0.0,0.0,0.0,0.0,0.0,0.0,1.0,1.0,1.0,1.0,1.0,0,0,0,0,0,0,0,0,0,0,0,0,0,0,0,0,0,0,0,0
ROU,0.0,0.0,0.0,1.0,2.0,2.0,2.0,2.0,2.0,2.0,2.0,3.0,3.0,4.0,7.0,8.0,9.0,11.0,14.0,17.0,22.0,25.0,29.0,31.0,37.0,46.0,53.0,59.0,62.0,65.0,67.0,67.0,68.0,69.0,72.0,73.0,75.0,76.0,79.0,80.0,81.0,82.0,82.0,0,0,0,0,0,0,0,0,0,0,0,0,0,0,0,0,0,0,0,0
RUS,0.0,0.0,0.0,0.0,0.0,0.0,0.0,0.0,0.0,0.0,0.0,0.0,3.0,9.0,17.0,23.0,27.0,30.0,38.0,43.0,62.0,72.0,83.0,87.0,94.0,103.0,106.0,108.0,108.0,108.0,116.0,119.0,127.0,129.0,130.0,132.0,135.0,137.0,139.0,144.0,144.0,149.0,152.0,0,0,0,0,0,0,0,0,0,0,0,0,0,0,0,0,0,0,0,0
RWA,0.0,0.0,0.0,0.0,1.0,1.0,1.0,1.0,2.0,3.0,3.0,3.0,3.0,3.0,3.0,3.0,4.0,4.0,4.0,5.0,5.0,7.0,8.0,10.0,10.0,10.0,11.0,13.0,14.0,14.0,16.0,17.0,18.0,18.0,18.0,19.0,21.0,23.0,27.0,29.0,34.0,35.0,38.0,0,0,0,0,0,0,0,0,0,0,0,0,0,0,0,0,0,0,0,0
SAU,0.0,0.0,1.0,1.0,1.0,2.0,2.0,2.0,2.0,2.0,2.0,2.0,2.0,2.0,2.0,2.0,2.0,2.0,2.0,2.0,2.0,2.0,3.0,5.0,6.0,8.0,8.0,8.0,8.0,9.0,11.0,12.0,13.0,15.0,15.0,17.0,20.0,21.0,21.0,24.0,25.0,25.0,25.0,0,0,0,0,0,0,0,0,0,0,0,0,0,0,0,0,0,0,0,0
SCG,0.0,0.0,0.0,0.0,0.0,0.0,0.0,0.0,0.0,0.0,0.0,0.0,1.0,1.0,1.0,1.0,1.0,1.0,1.0,3.0,7.0,7.0,8.0,8.0,8.0,11.0,13.0,13.0,13.0,13.0,13.0,13.0,13.0,13.0,13.0,13.0,13.0,13.0,13.0,13.0,13.0,13.0,13.0,0,0,0,0,0,0,0,0,0,0,0,0,0,0,0,0,0,0,0,0
SDN,1.0,1.0,1.0,4.0,4.0,4.0,4.0,5.0,6.0,6.0,7.0,8.0,8.0,9.0,10.0,10.0,14.0,15.0,17.0,22.0,22.0,23.0,25.0,26.0,26.0,28.0,31.0,32.0,32.0,33.0,35.0,37.0,38.0,39.0,40.0,43.0,44.0,45.0,48.0,50.0,51.0,53.0,55.0,0,0,0,0,0,0,0,0,0,0,0,0,0,0,0,0,0,0,0,0
SEN,1.0,1.0,1.0,2.0,2.0,3.0,3.0,3.0,4.0,4.0,4.0,4.0,4.0,5.0,6.0,6.0,6.0,6.0,7.0,9.0,10.0,10.0,12.0,13.0,14.0,15.0,15.0,16.0,17.0,18.0,20.0,22.0,23.0,24.0,25.0,25.0,26.0,26.0,27.0,28.0,29.0,29.0,30.0,0,0,0,0,0,0,0,0,0,0,0,0,0,0,0,0,0,0,0,0
SHN,0.0,0.0,0.0,0.0,0.0,0.0,0.0,0.0,0.0,0.0,0.0,0.0,0.0,0.0,0.0,0.0,0.0,0.0,0.0,0.0,0.0,1.0,1.0,1.0,1.0,1.0,1.0,1.0,1.0,1.0,1.0,1.0,1.0,1.0,1.0,1.0,1.0,1.0,1.0,1.0,1.0,1.0,1.0,0,0,0,0,0,0,0,0,0,0,0,0,0,0,0,0,0,0,0,0
SLB,0.0,0.0,1.0,1.0,1.0,2.0,3.0,3.0,3.0,3.0,3.0,3.0,4.0,5.0,5.0,5.0,5.0,6.0,7.0,7.0,7.0,7.0,8.0,10.0,10.0,10.0,10.0,10.0,10.0,11.0,13.0,14.0,15.0,16.0,17.0,20.0,20.0,20.0,21.0,21.0,22.0,22.0,22.0,0,0,0,0,0,0,0,0,0,0,0,0,0,0,0,0,0,0,0,0
SLE,0.0,0.0,0.0,0.0,1.0,1.0,1.0,1.0,1.0,1.0,1.0,1.0,1.0,1.0,1.0,1.0,2.0,2.0,2.0,3.0,3.0,3.0,3.0,3.0,4.0,5.0,5.0,6.0,6.0,7.0,9.0,10.0,10.0,11.0,11.0,12.0,12.0,13.0,13.0,15.0,15.0,15.0,16.0,0,0,0,0,0,0,0,0,0,0,0,0,0,0,0,0,0,0,0,0
SLV,0.0,0.0,2.0,2.0,2.0,2.0,2.0,2.0,4.0,5.0,5.0,5.0,6.0,7.0,8.0,9.0,10.0,11.0,13.0,14.0,16.0,18.0,20.0,20.0,20.0,24.0,25.0,27.0,29.0,31.0,34.0,35.0,35.0,35.0,36.0,38.0,38.0,39.0,41.0,41.0,45.0,46.0,48.0,0,0,0,0,0,0,0,0,0,0,0,0,0,0,0,0,0,0,0,0
SOM,1.0,2.0,2.0,3.0,3.0,3.0,3.0,5.0,6.0,8.0,8.0,8.0,8.0,8.0,10.0,11.0,12.0,14.0,14.0,15.0,18.0,19.0,20.0,22.0,24.0,27.0,32.0,34.0,36.0,37.0,40.0,42.0,44.0,47.0,49.0,54.0,55.0,55.0,57.0,60.0,64.0,65.0,66.0,0,0,0,0,0,0,0,0,0,0,0,0,0,0,0,0,0,0,0,0
SPI,0.0,0.0,0.0,0.0,0.0,0.0,0.0,0.0,0.0,0.0,0.0,0.0,0.0,0.0,0.0,0.0,0.0,0.0,0.0,1.0,1.0,2.0,3.0,3.0,4.0,5.0,5.0,6.0,6.0,6.0,6.0,6.0,6.0,6.0,6.0,6.0,6.0,6.0,6.0,6.0,6.0,6.0,6.0,0,0,0,0,0,0,0,0,0,0,0,0,0,0,0,0,0,0,0,0
SRB,0.0,0.0,0.0,0.0,0.0,0.0,0.0,0.0,0.0,0.0,0.0,0.0,0.0,0.0,0.0,0.0,0.0,0.0,0.0,0.0,0.0,0.0,0.0,0.0,0.0,0.0,0.0,2.0,2.0,4.0,9.0,9.0,12.0,14.0,19.0,19.0,21.0,22.0,23.0,24.0,25.0,26.0,26.0,0,0,0,0,0,0,0,0,0,0,0,0,0,0,0,0,0,0,0,0
SSD,0.0,0.0,0.0,0.0,0.0,0.0,0.0,0.0,0.0,0.0,0.0,0.0,0.0,0.0,0.0,0.0,0.0,0.0,0.0,0.0,0.0,0.0,0.0,0.0,0.0,0.0,0.0,0.0,3.0,4.0,6.0,6.0,8.0,10.0,10.0,10.0,12.0,12.0,12.0,15.0,16.0,18.0,19.0,0,0,0,0,0,0,0,0,0,0,0,0,0,0,0,0,0,0,0,0
STP,0.0,0.0,0.0,1.0,1.0,1.0,1.0,1.0,1.0,1.0,1.0,1.0,1.0,1.0,1.0,1.0,1.0,1.0,1.0,1.0,1.0,1.0,1.0,1.0,1.0,1.0,1.0,1.0,1.0,1.0,1.0,1.0,1.0,1.0,1.0,1.0,1.0,1.0,1.0,1.0,1.0,2.0,2.0,0,0,0,0,0,0,0,0,0,0,0,0,0,0,0,0,0,0,0,0
SUN,0.0,2.0,4.0,7.0,10.0,12.0,12.0,16.0,17.0,20.0,25.0,28.0,28.0,28.0,28.0,28.0,28.0,28.0,28.0,28.0,28.0,28.0,28.0,28.0,28.0,28.0,28.0,28.0,28.0,28.0,28.0,28.0,28.0,28.0,28.0,28.0,28.0,28.0,28.0,28.0,28.0,28.0,28.0,0,0,0,0,0,0,0,0,0,0,0,0,0,0,0,0,0,0,0,0
SUR,0.0,0.0,0.0,0.0,0.0,0.0,0.0,0.0,0.0,0.0,0.0,0.0,0.0,0.0,0.0,0.0,0.0,0.0,0.0,0.0,0.0,0.0,0.0,0.0,0.0,0.0,1.0,1.0,2.0,2.0,2.0,2.0,2.0,2.0,2.0,2.0,2.0,2.0,2.0,2.0,2.0,3.0,4.0,0,0,0,0,0,0,0,0,0,0,0,0,0,0,0,0,0,0,0,0
SVK,0.0,0.0,0.0,0.0,0.0,0.0,0.0,0.0,0.0,0.0,0.0,0.0,0.0,0.0,0.0,0.0,0.0,1.0,2.0,3.0,4.0,5.0,6.0,7.0,9.0,11.0,13.0,14.0,14.0,14.0,17.0,17.0,18.0,19.0,19.0,19.0,19.0,20.0,20.0,21.0,22.0,23.0,23.0,0,0,0,0,0,0,0,0,0,0,0,0,0,0,0,0,0,0,0,0
SVN,0.0,0.0,0.0,0.0,0.0,0.0,0.0,0.0,0.0,0.0,0.0,0.0,0.0,0.0,0.0,0.0,0.0,0.0,0.0,0.0,0.0,0.0,0.0,1.0,1.0,2.0,2.0,4.0,4.0,4.0,4.0,4.0,5.0,5.0,7.0,7.0,7.0,7.0,7.0,7.0,8.0,9.0,9.0,0,0,0,0,0,0,0,0,0,0,0,0,0,0,0,0,0,0,0,0
SWE,0.0,0.0,0.0,0.0,0.0,1.0,1.0,1.0,1.0,1.0,3.0,3.0,3.0,3.0,3.0,3.0,3.0,3.0,3.0,4.0,4.0,4.0,5.0,5.0,5.0,7.0,7.0,7.0,7.0,7.0,7.0,7.0,7.0,8.0,8.0,8.0,8.0,8.0,9.0,9.0,10.0,11.0,11.0,0,0,0,0,0,0,0,0,0,0,0,0,0,0,0,0,0,0,0,0
SWZ,0.0,1.0,1.0,1.0,3.0,3.0,3.0,3.0,3.0,3.0,4.0,4.0,4.0,4.0,4.0,4.0,4.0,4.0,4.0,4.0,5.0,6.0,6.0,6.0,6.0,7.0,8.0,10.0,11.0,11.0,11.0,11.0,11.0,11.0,12.0,12.0,13.0,13.0,13.0,14.0,14.0,15.0,16.0,0,0,0,0,0,0,0,0,0,0,0,0,0,0,0,0,0,0,0,0
SXM,0.0,0.0,0.0,0.0,0.0,0.0,0.0,0.0,0.0,0.0,0.0,0.0,0.0,0.0,0.0,0.0,0.0,0.0,0.0,0.0,0.0,0.0,0.0,0.0,0.0,0.0,0.0,0.0,0.0,0.0,0.0,0.0,0.0,0.0,0.0,0.0,0.0,1.0,1.0,1.0,1.0,1.0,1.0,0,0,0,0,0,0,0,0,0,0,0,0,0,0,0,0,0,0,0,0
SYC,0.0,0.0,0.0,0.0,0.0,0.0,0.0,0.0,0.0,0.0,0.0,0.0,0.0,0.0,0.0,0.0,0.0,1.0,1.0,1.0,1.0,1.0,2.0,2.0,2.0,2.0,2.0,2.0,2.0,2.0,2.0,2.0,2.0,3.0,4.0,4.0,4.0,4.0,4.0,4.0,4.0,4.0,4.0,0,0,0,0,0,0,0,0,0,0,0,0,0,0,0,0,0,0,0,0
SYR,0.0,0.0,0.0,0.0,0.0,0.0,0.0,0.0,0.0,0.0,0.0,0.0,0.0,0.0,0.0,0.0,0.0,0.0,0.0,1.0,1.0,2.0,3.0,3.0,4.0,4.0,5.0,5.0,6.0,6.0,6.0,6.0,6.0,6.0,6.0,8.0,8.0,8.0,8.0,9.0,10.0,12.0,13.0,0,0,0,0,0,0,0,0,0,0,0,0,0,0,0,0,0,0,0,0
TCA,0.0,0.0,0.0,0.0,0.0,1.0,1.0,1.0,1.0,1.0,2.0,2.0,2.0,2.0,2.0,2.0,2.0,2.0,2.0,2.0,2.0,2.0,2.0,2.0,3.0,3.0,3.0,3.0,6.0,6.0,6.0,6.0,6.0,6.0,6.0,6.0,6.0,7.0,7.0,7.0,7.0,7.0,7.0,0,0,0,0,0,0,0,0,0,0,0,0,0,0,0,0,0,0,0,0
TCD,1.0,1.0,1.0,1.0,1.0,2.0,2.0,2.0,4.0,4.0,4.0,5.0,5.0,6.0,6.0,7.0,7.0,8.0,9.0,10.0,10.0,12.0,12.0,12.0,12.0,12.0,13.0,16.0,18.0,21.0,22.0,22.0,25.0,25.0,25.0,25.0,25.0,26.0,26.0,28.0,30.0,31.0,33.0,0,0,0,0,0,0,0,0,0,0,0,0,0,0,0,0,0,0,0,0
TGO,1.0,1.0,1.0,1.0,1.0,1.0,1.0,1.0,1.0,2.0,2.0,2.0,2.0,2.0,3.0,5.0,5.0,5.0,6.0,7.0,7.0,7.0,7.0,7.0,7.0,7.0,8.0,9.0,10.0,11.0,13.0,13.0,13.0,13.0,13.0,13.0,13.0,14.0,14.0,14.0,15.0,15.0,16.0,0,0,0,0,0,0,0,0,0,0,0,0,0,0,0,0,0,0,0,0
THA,1.0,3.0,3.0,4.0,6.0,7.0,8.0,9.0,10.0,11.0,12.0,16.0,20.0,26.0,33.0,35.0,37.0,40.0,40.0,47.0,52.0,58.0,64.0,68.0,74.0,80.0,83.0,88.0,94.0,95.0,97.0,101.0,103.0,106.0,113.0,115.0,119.0,125.0,125.0,128.0,135.0,141.0,152.0,0,0,0,0,0,0,0,0,0,0,0,0,0,0,0,0,0,0,0,0
TJK,0.0,0.0,0.0,0.0,0.0,0.0,0.0,0.0,0.0,0.0,0.0,0.0,2.0,3.0,4.0,4.0,5.0,6.0,9.0,11.0,12.0,15.0,19.0,22.0,23.0,26.0,28.0,31.0,33.0,34.0,36.0,37.0,39.0,40.0,42.0,45.0,46.0,48.0,49.0,50.0,51.0,53.0,53.0,0,0,0,0,0,0,0,0,0,0,0,0,0,0,0,0,0,0,0,0
TKL,0.0,0.0,0.0,0.0,0.0,0.0,0.0,1.0,1.0,1.0,2.0,2.0,2.0,2.0,2.0,2.0,2.0,2.0,2.0,2.0,2.0,2.0,2.0,2.0,2.0,3.0,3.0,3.0,3.0,3.0,3.0,3.0,3.0,3.0,3.0,3.0,3.0,3.0,3.0,3.0,3.0,3.0,3.0,0,0,0,0,0,0,0,0,0,0,0,0,0,0,0,0,0,0,0,0
TKM,0.0,0.0,0.0,0.0,0.0,0.0,0.0,0.0,0.0,0.0,0.0,0.0,0.0,1.0,1.0,1.0,1.0,1.0,1.0,1.0,1.0,1.0,1.0,1.0,1.0,1.0,1.0,1.0,1.0,1.0,1.0,1.0,1.0,1.0,1.0,1.0,1.0,1.0,1.0,1.0,1.0,1.0,1.0,0,0,0,0,0,0,0,0,0,0,0,0,0,0,0,0,0,0,0,0
TLS,0.0,0.0,0.0,0.0,0.0,0.0,0.0,0.0,0.0,0.0,0.0,0.0,0.0,0.0,0.0,0.0,0.0,0.0,0.0,0.0,0.0,1.0,1.0,3.0,3.0,3.0,4.0,7.0,7.0,7.0,7.0,7.0,7.0,7.0,7.0,7.0,8.0,8.0,8.0,8.0,9.0,10.0,10.0,0,0,0,0,0,0,0,0,0,0,0,0,0,0,0,0,0,0,0,0
TON,0.0,0.0,2.0,2.0,2.0,2.0,2.0,2.0,2.0,2.0,3.0,3.0,3.0,3.0,3.0,3.0,3.0,4.0,6.0,6.0,6.0,7.0,7.0,7.0,8.0,8.0,8.0,8.0,8.0,8.0,8.0,9.0,9.0,9.0,10.0,11.0,14.0,14.0,15.0,15.0,16.0,16.0,16.0,0,0,0,0,0,0,0,0,0,0,0,0,0,0,0,0,0,0,0,0
TTO,0.0,0.0,0.0,0.0,0.0,0.0,0.0,0.0,0.0,0.0,1.0,1.0,1.0,2.0,2.0,2.0,3.0,3.0,3.0,3.0,3.0,3.0,3.0,3.0,5.0,6.0,6.0,6.0,6.0,6.0,7.0,7.0,7.0,7.0,7.0,7.0,7.0,7.0,8.0,8.0,8.0,8.0,9.0,0,0,0,0,0,0,0,0,0,0,0,0,0,0,0,0,0,0,0,0
TUN,0.0,0.0,1.0,1.0,1.0,1.0,2.0,2.0,3.0,3.0,4.0,4.0,4.0,4.0,4.0,4.0,4.0,4.0,4.0,4.0,4.0,4.0,4.0,6.0,6.0,6.0,6.0,8.0,8.0,9.0,9.0,9.0,9.0,9.0,9.0,9.0,9.0,10.0,12.0,12.0,13.0,15.0,16.0,0,0,0,0,0,0,0,0,0,0,0,0,0,0,0,0,0,0,0,0
TUR,2.0,3.0,3.0,3.0,4.0,5.0,5.0,6.0,8.0,8.0,10.0,12.0,12.0,13.0,15.0,18.0,19.0,19.0,22.0,22.0,26.0,31.0,33.0,34.0,41.0,46.0,48.0,52.0,53.0,57.0,58.0,59.0,60.0,61.0,61.0,63.0,63.0,64.0,65.0,68.0,73.0,76.0,79.0,0,0,0,0,0,0,0,0,0,0,0,0,0,0,0,0,0,0,0,0
TUV,0.0,0.0,0.0,0.0,1.0,1.0,1.0,2.0,2.0,2.0,3.0,3.0,3.0,4.0,4.0,4.0,4.0,4.0,4.0,4.0,4.0,4.0,4.0,4.0,4.0,4.0,4.0,4.0,4.0,4.0,4.0,5.0,5.0,5.0,5.0,6.0,6.0,6.0,6.0,6.0,7.0,8.0,8.0,0,0,0,0,0,0,0,0,0,0,0,0,0,0,0,0,0,0,0,0
TWN,0.0,1.0,1.0,2.0,3.0,3.0,6.0,7.0,7.0,8.0,10.0,11.0,12.0,12.0,17.0,17.0,19.0,21.0,24.0,24.0,26.0,31.0,33.0,34.0,39.0,44.0,47.0,49.0,54.0,55.0,57.0,57.0,60.0,63.0,65.0,68.0,72.0,74.0,75.0,76.0,77.0,79.0,80.0,0,0,0,0,0,0,0,0,0,0,0,0,0,0,0,0,0,0,0,0
TZA,0.0,0.0,1.0,1.0,2.0,2.0,3.0,3.0,5.0,6.0,9.0,9.0,9.0,11.0,13.0,15.0,16.0,19.0,21.0,21.0,22.0,24.0,25.0,27.0,28.0,29.0,32.0,32.0,36.0,39.0,39.0,43.0,44.0,44.0,46.0,48.0,51.0,52.0,53.0,58.0,62.0,65.0,66.0,0,0,0,0,0,0,0,0,0,0,0,0,0,0,0,0,0,0,0,0
UGA,0.0,0.0,0.0,0.0,0.0,0.0,0.0,1.0,1.0,1.0,1.0,1.0,1.0,1.0,1.0,1.0,1.0,3.0,5.0,6.0,8.0,11.0,15.0,17.0,19.0,20.0,22.0,24.0,26.0,26.0,28.0,30.0,32.0,33.0,33.0,33.0,35.0,36.0,37.0,45.0,51.0,54.0,59.0,0,0,0,0,0,0,0,0,0,0,0,0,0,0,0,0,0,0,0,0
UKR,0.0,0.0,0.0,0.0,0.0,0.0,0.0,0.0,0.0,0.0,0.0,0.0,1.0,3.0,3.0,4.0,5.0,7.0,8.0,8.0,12.0,13.0,13.0,14.0,14.0,16.0,18.0,20.0,22.0,23.0,24.0,24.0,27.0,28.0,28.0,28.0,30.0,31.0,32.0,32.0,35.0,36.0,36.0,0,0,0,0,0,0,0,0,0,0,0,0,0,0,0,0,0,0,0,0
URY,0.0,0.0,0.0,0.0,0.0,0.0,1.0,1.0,1.0,1.0,1.0,2.0,3.0,4.0,4.0,4.0,4.0,5.0,6.0,8.0,11.0,12.0,14.0,15.0,16.0,17.0,17.0,20.0,20.0,21.0,22.0,22.0,22.0,22.0,22.0,25.0,26.0,27.0,28.0,31.0,33.0,33.0,34.0,0,0,0,0,0,0,0,0,0,0,0,0,0,0,0,0,0,0,0,0
USA,7.0,11.0,24.0,33.0,47.0,62.0,68.0,77.0,99.0,116.0,137.0,172.0,201.0,229.0,243.0,260.0,274.0,307.0,339.0,361.0,391.0,417.0,446.0,468.0,488.0,504.0,532.0,555.0,576.0,593.0,608.0,631.0,656.0,684.0,703.0,732.0,758.0,782.0,801.0,821.0,844.0,887.0,912.0,0,0,0,0,0,0,0,0,0,0,0,0,0,0,0,0,0,0,0,0
UZB,0.0,0.0,0.0,0.0,0.0,0.0,0.0,0.0,0.0,0.0,0.0,0.0,0.0,0.0,0.0,0.0,0.0,0.0,0.0,1.0,2.0,2.0,2.0,2.0,2.0,3.0,3.0,3.0,3.0,3.0,3.0,3.0,3.0,3.0,3.0,3.0,3.0,3.0,3.0,3.0,4.0,5.0,6.0,0,0,0,0,0,0,0,0,0,0,0,0,0,0,0,0,0,0,0,0
VCT,1.0,1.0,1.0,1.0,1.0,1.0,2.0,4.0,4.0,4.0,4.0,4.0,5.0,5.0,5.0,5.0,5.0,5.0,5.0,6.0,6.0,6.0,7.0,7.0,8.0,9.0,9.0,9.0,9.0,9.0,11.0,12.0,12.0,13.0,13.0,13.0,15.0,15.0,15.0,15.0,15.0,16.0,16.0,0,0,0,0,0,0,0,0,0,0,0,0,0,0,0,0,0,0,0,0
VEN,0.0,1.0,1.0,1.0,1.0,2.0,2.0,4.0,7.0,7.0,7.0,7.0,7.0,8.0,10.0,10.0,12.0,13.0,13.0,16.0,18.0,18.0,19.0,21.0,23.0,27.0,28.0,28.0,29.0,30.0,32.0,35.0,36.0,36.0,36.0,37.0,38.0,38.0,40.0,41.0,42.0,44.0,52.0,0,0,0,0,0,0,0,0,0,0,0,0,0,0,0,0,0,0,0,0
VGB,0.0,0.0,0.0,0.0,0.0,0.0,0.0,0.0,0.0,0.0,0.0,0.0,0.0,0.0,0.0,0.0,1.0,1.0,1.0,1.0,1.0,1.0,1.0,1.0,1.0,1.0,1.0,1.0,1.0,1.0,1.0,1.0,1.0,1.0,1.0,1.0,1.0,3.0,3.0,3.0,3.0,3.0,3.0,0,0,0,0,0,0,0,0,0,0,0,0,0,0,0,0,0,0,0,0
VIR,0.0,0.0,0.0,0.0,0.0,0.0,0.0,0.0,0.0,1.0,1.0,1.0,1.0,1.0,1.0,3.0,3.0,3.0,4.0,5.0,5.0,5.0,5.0,5.0,6.0,6.0,6.0,6.0,6.0,6.0,6.0,6.0,6.0,6.0,6.0,6.0,6.0,8.0,8.0,8.0,8.0,8.0,8.0,0,0,0,0,0,0,0,0,0,0,0,0,0,0,0,0,0,0,0,0
VNM,3.0,3.0,4.0,7.0,10.0,12.0,14.0,17.0,19.0,22.0,26.0,33.0,38.0,42.0,45.0,47.0,53.0,57.0,61.0,66.0,77.0,84.0,90.0,94.0,100.0,110.0,121.0,127.0,137.0,143.0,150.0,155.0,159.0,169.0,172.0,177.0,185.0,194.0,201.0,209.0,220.0,228.0,236.0,0,0,0,0,0,0,0,0,0,0,0,0,0,0,0,0,0,0,0,0
VUT,0.0,2.0,2.0,2.0,2.0,3.0,3.0,4.0,7.0,7.0,7.0,7.0,9.0,10.0,10.0,10.0,10.0,10.0,11.0,12.0,12.0,14.0,15.0,15.0,16.0,16.0,16.0,16.0,16.0,17.0,17.0,19.0,19.0,19.0,20.0,21.0,21.0,22.0,22.0,22.0,23.0,23.0,23.0,0,0,0,0,0,0,0,0,0,0,0,0,0,0,0,0,0,0,0,0
WLF,0.0,0.0,0.0,0.0,0.0,0.0,1.0,1.0,1.0,1.0,1.0,1.0,1.0,1.0,1.0,1.0,1.0,1.0,1.0,1.0,1.0,1.0,1.0,1.0,1.0,1.0,1.0,1.0,1.0,1.0,1.0,1.0,2.0,2.0,2.0,2.0,2.0,2.0,2.0,2.0,2.0,2.0,2.0,0,0,0,0,0,0,0,0,0,0,0,0,0,0,0,0,0,0,0,0
WSM,0.0,0.0,0.0,2.0,2.0,2.0,2.0,2.0,2.0,3.0,4.0,5.0,5.0,5.0,5.0,5.0,5.0,5.0,5.0,5.0,5.0,6.0,6.0,6.0,7.0,8.0,8.0,8.0,8.0,8.0,8.0,8.0,9.0,9.0,9.0,10.0,10.0,10.0,11.0,11.0,11.0,11.0,11.0,0,0,0,0,0,0,0,0,0,0,0,0,0,0,0,0,0,0,0,0
YEM,0.0,0.0,0.0,0.0,0.0,0.0,0.0,0.0,0.0,0.0,0.0,1.0,1.0,2.0,2.0,2.0,4.0,4.0,6.0,7.0,7.0,10.0,14.0,15.0,15.0,18.0,20.0,23.0,24.0,25.0,27.0,27.0,27.0,28.0,28.0,30.0,32.0,33.0,35.0,38.0,43.0,45.0,48.0,0,0,0,0,0,0,0,0,0,0,0,0,0,0,0,0,0,0,0,0
ZAF,1.0,3.0,3.0,4.0,6.0,6.0,7.0,8.0,10.0,10.0,12.0,13.0,13.0,15.0,17.0,19.0,23.0,24.0,26.0,31.0,36.0,42.0,48.0,50.0,52.0,52.0,54.0,57.0,60.0,64.0,65.0,68.0,70.0,71.0,72.0,73.0,76.0,81.0,81.0,87.0,89.0,93.0,101.0,0,0,0,0,0,0,0,0,0,0,0,0,0,0,0,0,0,0,0,0
ZMB,0.0,1.0,1.0,2.0,2.0,2.0,2.0,2.0,2.0,3.0,4.0,4.0,4.0,4.0,4.0,5.0,5.0,5.0,6.0,6.0,7.0,8.0,8.0,10.0,11.0,13.0,13.0,16.0,17.0,18.0,20.0,21.0,21.0,22.0,23.0,23.0,23.0,23.0,23.0,25.0,28.0,29.0,30.0,0,0,0,0,0,0,0,0,0,0,0,0,0,0,0,0,0,0,0,0
ZWE,0.0,1.0,1.0,1.0,1.0,1.0,1.0,1.0,1.0,1.0,2.0,2.0,2.0,2.0,2.0,2.0,2.0,2.0,4.0,4.0,5.0,7.0,7.0,9.0,9.0,9.0,9.0,13.0,13.0,13.0,15.0,16.0,16.0,18.0,20.0,21.0,22.0,24.0,24.0,26.0,26.0,28.0,30.0,0,0,0,0,0,0,0,0,0,0,0,0,0,0,0,0,0,0,0,0
